{"stats":{"minecraft:mined":{"minecraft:spruce_planks":2,"minecraft:red_bed":1,"minecraft:grass_block":1,"minecraft:spruce_fence":4,"minecraft:stone_slab":1,"minecraft:cobblestone":1,"minecraft:wall_torch":2,"minecraft:spawner":4,"minecraft:birch_planks":1,"minecraft:cyan_carpet":1,"minecraft:dirt":1,"minecraft:smooth_quartz":6,"minecraft:oak_leaves":4,"minecraft:redstone_wall_torch":1},"minecraft:killed":{"minecraft:cave_spider":6,"minecraft:witch":1,"minecraft:spider":5,"minecraft:skeleton":4,"minecraft:wither_skeleton":13,"midnight_madness:reaper":1},"minecraft:killed_by":{"minecraft:player":1,"minecraft:wither_skeleton":5,"midnight_madness:imitator":1,"midnight_madness:reaper":5,"midnight_madness:fallen_king":1},"minecraft:used":{"mowziesmobs:foliaath_seed":2,"epicfight:skillbook":7,"minecraft:stone_pickaxe":20,"minecraft:shield":31,"minecraft:torch":6,"minecraft:golden_apple":2,"minecraft:mossy_cobblestone":1,"minecraft:sand":16,"minecraft:dirt":4,"minecraft:spider_eye":3,"minecraft:redstone_torch":1,"tombstone:bag_of_seeds":2,"minecraft:dark_oak_planks":2,"minecraft:apple":9,"minecraft:bread":25,"minecraft:string":1,"minecraft:smooth_quartz":5,"minecraft:diamond_sword":328,"prefab:item_swift_blade_stone":125,"minecraft:golden_carrot":6,"tombstone:gift":1},"minecraft:custom":{"minecraft:interact_with_furnace":3,"minecraft:mob_kills":41,"tombstone:raider_killed":1,"minecraft:tune_noteblock":3,"minecraft:open_barrel":7,"minecraft:damage_dealt_resisted":2292,"minecraft:time_since_death":9381,"minecraft:climb_one_cm":3472,"minecraft:time_since_rest":9126,"minecraft:damage_absorbed":80,"minecraft:sprint_one_cm":272101,"minecraft:damage_taken":6886,"minecraft:walk_one_cm":713617,"minecraft:damage_blocked_by_shield":1402,"minecraft:drop":19,"minecraft:damage_dealt":16069,"minecraft:play_noteblock":3,"minecraft:damage_dealt_absorbed":347,"minecraft:fly_one_cm":50154,"minecraft:open_chest":40,"minecraft:crouch_one_cm":3374,"minecraft:play_time":75582,"tombstone:undead_killed":18,"minecraft:deaths":13,"minecraft:sneak_time":601,"minecraft:walk_under_water_one_cm":636,"minecraft:jump":566,"minecraft:walk_on_water_one_cm":1122,"minecraft:total_world_time":75582,"minecraft:fall_one_cm":8743},"minecraft:broken":{"minecraft:diamond_sword":1},"minecraft:picked_up":{"minecraft:stone_slab":2,"minecraft:diamond_sword":3,"minecraft:birch_planks":1,"minecraft:enchanted_book":1,"minecraft:shield":1,"minecraft:cobblestone_stairs":1,"minecraft:string":19,"minecraft:dirt":4,"minecraft:red_bed":1,"midnight_madness:dark_essence":3,"minecraft:bone":27,"minecraft:cyan_carpet":8,"minecraft:apple":12,"midnight_madness:dark_soul":5,"minecraft:diamond_leggings":1,"minecraft:spruce_planks":16,"minecraft:stone_pickaxe":1,"minecraft:redstone_torch":1,"tombstone:bag_of_seeds":1,"minecraft:smooth_quartz":8,"minecraft:spruce_trapdoor":1,"midnight_madness:soul":4,"minecraft:stick":2,"minecraft:torch":6,"wom:diamond_armbracelet":1,"minecraft:spruce_fence":6,"epicfight:skillbook":4,"minecraft:sand":16,"tombstone:grave_dust":9,"minecraft:spider_eye":11,"minecraft:dark_oak_planks":2,"minecraft:sugar":2,"minecraft:arrow":7,"minecraft:diamond":2,"prefab:item_swift_blade_stone":1,"minecraft:bread":5,"minecraft:coal":8,"minecraft:cobblestone":1},"minecraft:dropped":{"minecraft:iron_ingot":4,"wom:diamond_armbracelet":1,"minecraft:diamond":2,"midnight_madness:dark_essence":3,"minecraft:apple":3,"minecraft:coal":7,"minecraft:red_bed":1,"midnight_madness:strange_note":1,"minecraft:arrow":1,"midnight_madness:dark_soul":1,"epicfight:skillbook":1}},"DataVersion":3120}