{"stats":{"minecraft:mined":{"minecraft:red_bed":1,"minecraft:oak_leaves":4},"minecraft:killed":{"minecraft:witch":1,"minecraft:spider":1},"minecraft:killed_by":{"minecraft:player":1,"midnight_madness:imitator":1,"midnight_madness:fallen_king":1},"minecraft:used":{"minecraft:apple":5,"minecraft:bread":5,"minecraft:string":1,"minecraft:shield":1,"minecraft:smooth_quartz":1,"prefab:item_swift_blade_stone":28,"minecraft:dirt":2,"minecraft:sand":16,"minecraft:spider_eye":2},"minecraft:custom":{"minecraft:time_since_rest":19151,"minecraft:interact_with_furnace":2,"minecraft:sprint_one_cm":109684,"minecraft:damage_taken":1460,"minecraft:walk_one_cm":220878,"minecraft:damage_blocked_by_shield":30,"minecraft:mob_kills":2,"minecraft:drop":16,"tombstone:raider_killed":1,"minecraft:damage_dealt":1187,"minecraft:damage_dealt_absorbed":16,"minecraft:fly_one_cm":38513,"minecraft:open_barrel":7,"minecraft:open_chest":1,"minecraft:crouch_one_cm":1267,"minecraft:play_time":27582,"minecraft:deaths":3,"minecraft:sneak_time":267,"minecraft:jump":335,"minecraft:walk_on_water_one_cm":270,"minecraft:time_since_death":20165,"minecraft:total_world_time":27582,"minecraft:climb_one_cm":1366,"minecraft:fall_one_cm":6749},"minecraft:picked_up":{"minecraft:stick":2,"wom:diamond_armbracelet":1,"minecraft:sand":16,"minecraft:shield":1,"minecraft:dirt":2,"minecraft:spider_eye":2,"minecraft:string":1,"minecraft:red_bed":1,"midnight_madness:dark_essence":3,"minecraft:apple":12,"minecraft:arrow":1,"minecraft:sugar":2,"prefab:item_swift_blade_stone":1,"minecraft:bread":5,"minecraft:smooth_quartz":1,"midnight_madness:soul":1},"minecraft:dropped":{"minecraft:iron_ingot":4,"minecraft:red_bed":1,"wom:diamond_armbracelet":1,"minecraft:diamond":2,"midnight_madness:dark_essence":3,"minecraft:apple":3,"midnight_madness:strange_note":1,"minecraft:arrow":1}},"DataVersion":3120}