{"stats":{"minecraft:mined":{"minecraft:spruce_planks":2,"minecraft:red_bed":1,"minecraft:grass_block":1,"minecraft:spruce_fence":4,"minecraft:stone_slab":1,"minecraft:cobblestone":1,"minecraft:wall_torch":1,"minecraft:spawner":3,"minecraft:birch_planks":1,"minecraft:cyan_carpet":1,"minecraft:dirt":1,"minecraft:smooth_quartz":1,"minecraft:oak_leaves":4,"minecraft:redstone_wall_torch":1},"minecraft:killed":{"minecraft:cave_spider":6,"minecraft:witch":1,"minecraft:spider":5,"minecraft:skeleton":4,"minecraft:wither_skeleton":5,"midnight_madness:reaper":1},"minecraft:killed_by":{"minecraft:player":1,"minecraft:wither_skeleton":3,"midnight_madness:imitator":1,"midnight_madness:reaper":5,"midnight_madness:fallen_king":1},"minecraft:used":{"mowziesmobs:foliaath_seed":2,"epicfight:skillbook":4,"minecraft:stone_pickaxe":13,"minecraft:shield":24,"minecraft:torch":6,"minecraft:golden_apple":2,"minecraft:mossy_cobblestone":1,"minecraft:sand":16,"minecraft:dirt":4,"minecraft:spider_eye":3,"minecraft:redstone_torch":1,"tombstone:bag_of_seeds":2,"minecraft:dark_oak_planks":2,"minecraft:apple":9,"minecraft:bread":22,"minecraft:string":1,"minecraft:smooth_quartz":3,"minecraft:diamond_sword":147,"prefab:item_swift_blade_stone":125,"tombstone:gift":1},"minecraft:custom":{"minecraft:interact_with_furnace":3,"minecraft:mob_kills":24,"tombstone:raider_killed":1,"minecraft:tune_noteblock":2,"minecraft:open_barrel":7,"minecraft:damage_dealt_resisted":839,"minecraft:time_since_death":9013,"minecraft:climb_one_cm":2044,"minecraft:time_since_rest":8733,"minecraft:damage_absorbed":80,"minecraft:sprint_one_cm":225360,"minecraft:damage_taken":5361,"minecraft:walk_one_cm":590136,"minecraft:damage_blocked_by_shield":1136,"minecraft:drop":17,"minecraft:damage_dealt":10156,"minecraft:play_noteblock":3,"minecraft:damage_dealt_absorbed":190,"minecraft:fly_one_cm":47694,"minecraft:open_chest":39,"minecraft:crouch_one_cm":3242,"minecraft:play_time":63582,"tombstone:undead_killed":10,"minecraft:deaths":11,"minecraft:sneak_time":582,"minecraft:walk_under_water_one_cm":636,"minecraft:jump":497,"minecraft:walk_on_water_one_cm":1122,"minecraft:total_world_time":63582,"minecraft:fall_one_cm":8128},"minecraft:broken":{"minecraft:diamond_sword":1},"minecraft:picked_up":{"minecraft:stone_slab":2,"minecraft:diamond_sword":2,"minecraft:birch_planks":1,"minecraft:enchanted_book":1,"minecraft:shield":1,"minecraft:cobblestone_stairs":1,"minecraft:string":17,"minecraft:dirt":4,"minecraft:red_bed":1,"midnight_madness:dark_essence":3,"minecraft:bone":22,"minecraft:cyan_carpet":7,"minecraft:apple":12,"midnight_madness:dark_soul":2,"minecraft:diamond_leggings":1,"minecraft:spruce_planks":12,"minecraft:stone_pickaxe":1,"minecraft:redstone_torch":1,"tombstone:bag_of_seeds":1,"minecraft:smooth_quartz":3,"midnight_madness:soul":3,"minecraft:stick":2,"minecraft:torch":6,"wom:diamond_armbracelet":1,"minecraft:spruce_fence":6,"epicfight:skillbook":1,"minecraft:sand":16,"tombstone:grave_dust":4,"minecraft:spider_eye":10,"minecraft:dark_oak_planks":2,"minecraft:sugar":2,"minecraft:arrow":7,"minecraft:diamond":2,"prefab:item_swift_blade_stone":1,"minecraft:bread":5,"minecraft:coal":4,"minecraft:cobblestone":1},"minecraft:dropped":{"minecraft:iron_ingot":4,"wom:diamond_armbracelet":1,"minecraft:diamond":2,"midnight_madness:dark_essence":3,"minecraft:apple":3,"minecraft:red_bed":1,"midnight_madness:strange_note":1,"minecraft:arrow":1,"midnight_madness:dark_soul":1}},"DataVersion":3120}