{"stats":{"minecraft:mined":{"minecraft:spruce_planks":2,"minecraft:red_bed":1,"minecraft:cornflower":1,"minecraft:grass_block":1,"minecraft:spruce_fence":4,"minecraft:stone_slab":1,"minecraft:cobblestone":8,"minecraft:wall_torch":2,"minecraft:spawner":4,"minecraft:birch_planks":1,"minecraft:cyan_carpet":1,"minecraft:dirt":1,"minecraft:smooth_quartz":6,"minecraft:oak_leaves":6,"minecraft:redstone_wall_torch":1},"minecraft:killed":{"minecraft:cave_spider":7,"minecraft:witch":1,"minecraft:spider":5,"minecraft:skeleton":4,"minecraft:zombie":1,"minecraft:wither_skeleton":20,"midnight_madness:reaper":1,"minecraft:cow":1},"minecraft:killed_by":{"minecraft:player":1,"minecraft:wither_skeleton":7,"midnight_madness:imitator":1,"midnight_madness:reaper":5,"midnight_madness:fallen_king":1},"minecraft:used":{"mowziesmobs:foliaath_seed":2,"epicfight:skillbook":10,"minecraft:stone_pickaxe":28,"minecraft:shield":33,"minecraft:torch":6,"minecraft:golden_apple":2,"minecraft:mossy_cobblestone":1,"minecraft:sand":16,"minecraft:dirt":4,"minecraft:spider_eye":3,"minecraft:redstone_torch":1,"tombstone:bag_of_seeds":2,"wom:agony":95,"minecraft:dark_oak_planks":2,"minecraft:apple":9,"minecraft:bread":25,"minecraft:string":1,"minecraft:smooth_quartz":5,"minecraft:diamond_sword":342,"prefab:item_swift_blade_stone":125,"minecraft:golden_carrot":9,"tombstone:gift":1,"minecraft:experience_bottle":11},"minecraft:custom":{"minecraft:interact_with_furnace":3,"minecraft:mob_kills":51,"tombstone:raider_killed":1,"minecraft:tune_noteblock":3,"minecraft:open_barrel":7,"minecraft:damage_dealt_resisted":3006,"minecraft:leave_game":1,"minecraft:time_since_death":13716,"minecraft:climb_one_cm":3472,"minecraft:time_since_rest":13504,"minecraft:damage_absorbed":80,"minecraft:sprint_one_cm":316796,"minecraft:damage_taken":7488,"minecraft:walk_one_cm":841179,"minecraft:damage_blocked_by_shield":1482,"minecraft:drop":24,"minecraft:damage_dealt":19235,"minecraft:play_noteblock":3,"minecraft:damage_dealt_absorbed":347,"minecraft:talked_to_villager":9,"minecraft:fly_one_cm":74488,"minecraft:player_kills":1,"minecraft:open_chest":72,"minecraft:crouch_one_cm":3475,"minecraft:play_time":91101,"tombstone:undead_killed":26,"minecraft:deaths":15,"minecraft:sneak_time":606,"minecraft:walk_under_water_one_cm":2794,"minecraft:jump":718,"minecraft:walk_on_water_one_cm":11738,"minecraft:total_world_time":91101,"minecraft:fall_one_cm":10465},"minecraft:broken":{"minecraft:diamond_sword":1},"minecraft:picked_up":{"minecraft:stone_slab":2,"minecraft:diamond_sword":6,"minecraft:birch_planks":1,"minecraft:enchanted_book":1,"minecraft:shield":1,"minecraft:cobblestone_stairs":1,"minecraft:cornflower":1,"minecraft:string":21,"minecraft:dirt":4,"minecraft:red_bed":1,"midnight_madness:dark_essence":3,"minecraft:bone":36,"minecraft:cyan_carpet":8,"minecraft:apple":12,"midnight_madness:dark_soul":5,"minecraft:diamond_leggings":1,"minecraft:spruce_planks":16,"minecraft:stone_pickaxe":1,"minecraft:redstone_torch":1,"tombstone:bag_of_seeds":1,"minecraft:smooth_quartz":10,"minecraft:spruce_trapdoor":1,"midnight_madness:soul":4,"wom:agony":2,"minecraft:stick":2,"minecraft:torch":6,"wom:diamond_armbracelet":1,"minecraft:spruce_fence":6,"epicfight:skillbook":4,"minecraft:sand":16,"tombstone:grave_dust":11,"minecraft:spider_eye":11,"minecraft:dark_oak_planks":2,"minecraft:bundle":1,"minecraft:sugar":2,"minecraft:arrow":9,"minecraft:diamond":14,"minecraft:diamond_boots":1,"prefab:item_swift_blade_stone":1,"minecraft:bread":5,"minecraft:coal":15,"minecraft:cobblestone":1},"minecraft:dropped":{"minecraft:iron_ingot":4,"wom:agony":2,"wom:diamond_armbracelet":1,"minecraft:diamond":2,"midnight_madness:dark_essence":3,"minecraft:apple":3,"minecraft:coal":7,"minecraft:golden_apple":1,"minecraft:diamond_sword":2,"minecraft:red_bed":1,"midnight_madness:strange_note":1,"minecraft:arrow":1,"midnight_madness:dark_soul":1,"epicfight:skillbook":1}},"DataVersion":3120}