{"stats":{"minecraft:mined":{"minecraft:spruce_planks":2,"minecraft:red_bed":1,"minecraft:grass_block":1,"minecraft:spruce_fence":4,"minecraft:stone_slab":1,"minecraft:cobblestone":1,"minecraft:wall_torch":1,"minecraft:spawner":3,"minecraft:dirt":1,"minecraft:smooth_quartz":1,"minecraft:oak_leaves":4,"minecraft:redstone_wall_torch":1},"minecraft:killed":{"minecraft:cave_spider":5,"minecraft:witch":1,"minecraft:spider":4,"minecraft:wither_skeleton":2,"midnight_madness:reaper":1},"minecraft:killed_by":{"minecraft:player":1,"minecraft:wither_skeleton":2,"midnight_madness:imitator":1,"midnight_madness:reaper":5,"midnight_madness:fallen_king":1},"minecraft:used":{"epicfight:skillbook":2,"minecraft:stone_pickaxe":13,"minecraft:shield":13,"minecraft:torch":6,"minecraft:sand":16,"minecraft:dirt":4,"minecraft:spider_eye":2,"minecraft:redstone_torch":1,"tombstone:bag_of_seeds":2,"minecraft:dark_oak_planks":2,"minecraft:apple":9,"minecraft:bread":13,"minecraft:string":1,"minecraft:smooth_quartz":3,"minecraft:diamond_sword":79,"prefab:item_swift_blade_stone":125},"minecraft:custom":{"minecraft:interact_with_furnace":3,"minecraft:mob_kills":14,"tombstone:raider_killed":1,"minecraft:tune_noteblock":2,"minecraft:open_barrel":7,"minecraft:damage_dealt_resisted":416,"minecraft:time_since_death":80,"minecraft:climb_one_cm":2044,"minecraft:time_since_rest":1,"minecraft:sprint_one_cm":180974,"minecraft:damage_taken":4182,"minecraft:walk_one_cm":466260,"minecraft:damage_blocked_by_shield":610,"minecraft:drop":16,"minecraft:damage_dealt":7061,"minecraft:damage_dealt_absorbed":128,"minecraft:fly_one_cm":43669,"minecraft:open_chest":22,"minecraft:crouch_one_cm":3121,"minecraft:play_time":51582,"tombstone:undead_killed":3,"minecraft:deaths":10,"minecraft:sneak_time":554,"minecraft:walk_under_water_one_cm":636,"minecraft:jump":476,"minecraft:walk_on_water_one_cm":1122,"minecraft:total_world_time":51582,"minecraft:fall_one_cm":7862},"minecraft:picked_up":{"minecraft:stone_slab":2,"minecraft:diamond_sword":1,"minecraft:shield":1,"minecraft:cobblestone_stairs":1,"minecraft:string":17,"minecraft:dirt":4,"minecraft:red_bed":1,"midnight_madness:dark_essence":3,"minecraft:bone":12,"minecraft:cyan_carpet":4,"minecraft:apple":12,"minecraft:diamond_leggings":1,"minecraft:spruce_planks":9,"minecraft:stone_pickaxe":1,"minecraft:redstone_torch":1,"tombstone:bag_of_seeds":1,"minecraft:smooth_quartz":3,"midnight_madness:soul":3,"minecraft:stick":2,"minecraft:torch":6,"wom:diamond_armbracelet":1,"minecraft:spruce_fence":5,"epicfight:skillbook":1,"minecraft:sand":16,"tombstone:grave_dust":2,"minecraft:spider_eye":9,"minecraft:dark_oak_planks":2,"minecraft:sugar":2,"minecraft:arrow":1,"prefab:item_swift_blade_stone":1,"minecraft:bread":5,"minecraft:coal":3,"minecraft:cobblestone":1},"minecraft:dropped":{"minecraft:iron_ingot":4,"wom:diamond_armbracelet":1,"minecraft:diamond":2,"midnight_madness:dark_essence":3,"minecraft:apple":3,"minecraft:red_bed":1,"midnight_madness:strange_note":1,"minecraft:arrow":1}},"DataVersion":3120}