{"stats":{"minecraft:mined":{"minecraft:red_bed":1},"minecraft:killed":{"minecraft:witch":1,"minecraft:spider":1},"minecraft:killed_by":{"minecraft:player":1,"midnight_madness:imitator":1,"midnight_madness:fallen_king":1},"minecraft:used":{"minecraft:bread":3,"minecraft:string":1,"minecraft:shield":1,"prefab:item_swift_blade_stone":24,"minecraft:dirt":2,"minecraft:sand":16,"minecraft:spider_eye":2},"minecraft:custom":{"minecraft:time_since_rest":7151,"minecraft:interact_with_furnace":2,"minecraft:sprint_one_cm":65677,"minecraft:damage_taken":1240,"minecraft:walk_one_cm":159758,"minecraft:damage_blocked_by_shield":30,"minecraft:mob_kills":2,"minecraft:drop":6,"tombstone:raider_killed":1,"minecraft:damage_dealt":1176,"minecraft:damage_dealt_absorbed":16,"minecraft:fly_one_cm":21037,"minecraft:open_barrel":7,"minecraft:crouch_one_cm":771,"minecraft:play_time":15582,"minecraft:deaths":3,"minecraft:sneak_time":49,"minecraft:jump":205,"minecraft:time_since_death":8165,"minecraft:total_world_time":15582,"minecraft:climb_one_cm":1366,"minecraft:fall_one_cm":2552},"minecraft:picked_up":{"minecraft:sand":16,"minecraft:shield":1,"minecraft:dirt":2,"minecraft:spider_eye":2,"minecraft:string":1,"minecraft:red_bed":1,"midnight_madness:dark_essence":3,"minecraft:arrow":1,"minecraft:sugar":2,"prefab:item_swift_blade_stone":1,"minecraft:bread":5,"midnight_madness:soul":1},"minecraft:dropped":{"minecraft:red_bed":1,"midnight_madness:dark_essence":3,"midnight_madness:strange_note":1,"minecraft:arrow":1}},"DataVersion":3120}