{"stats":{"minecraft:mined":{"minecraft:red_bed":1,"minecraft:spruce_fence":3,"minecraft:grass_block":1,"minecraft:dirt":1,"minecraft:oak_leaves":4,"minecraft:spawner":2},"minecraft:killed":{"minecraft:cave_spider":3,"minecraft:witch":1,"minecraft:spider":4,"midnight_madness:reaper":1},"minecraft:killed_by":{"minecraft:player":1,"midnight_madness:imitator":1,"midnight_madness:reaper":4,"midnight_madness:fallen_king":1},"minecraft:used":{"minecraft:apple":8,"minecraft:stone_pickaxe":5,"minecraft:bread":9,"minecraft:string":1,"minecraft:shield":4,"minecraft:diamond_sword":4,"minecraft:smooth_quartz":2,"minecraft:torch":2,"prefab:item_swift_blade_stone":125,"minecraft:dirt":4,"minecraft:sand":16,"minecraft:spider_eye":2},"minecraft:custom":{"minecraft:time_since_rest":7063,"minecraft:interact_with_furnace":3,"minecraft:sprint_one_cm":148750,"minecraft:damage_taken":3082,"minecraft:walk_one_cm":350518,"minecraft:damage_blocked_by_shield":240,"minecraft:mob_kills":8,"minecraft:drop":16,"tombstone:raider_killed":1,"minecraft:damage_dealt":5088,"minecraft:tune_noteblock":1,"minecraft:damage_dealt_absorbed":128,"minecraft:fly_one_cm":41552,"minecraft:open_barrel":7,"minecraft:open_chest":7,"tombstone:undead_killed":1,"minecraft:walk_under_water_one_cm":636,"minecraft:crouch_one_cm":2866,"minecraft:play_time":39582,"minecraft:deaths":7,"minecraft:sneak_time":404,"minecraft:damage_dealt_resisted":94,"minecraft:jump":411,"minecraft:walk_on_water_one_cm":1122,"minecraft:time_since_death":7229,"minecraft:total_world_time":39582,"minecraft:climb_one_cm":2044,"minecraft:fall_one_cm":7442},"minecraft:picked_up":{"minecraft:stick":2,"minecraft:diamond_sword":1,"minecraft:torch":4,"minecraft:spruce_fence":4,"wom:diamond_armbracelet":1,"minecraft:sand":16,"tombstone:grave_dust":2,"minecraft:shield":1,"minecraft:cyan_carpet":4,"minecraft:bone":3,"minecraft:dirt":4,"minecraft:spider_eye":7,"minecraft:string":10,"minecraft:red_bed":1,"midnight_madness:dark_essence":3,"minecraft:apple":12,"minecraft:arrow":1,"minecraft:sugar":2,"minecraft:spruce_planks":4,"prefab:item_swift_blade_stone":1,"minecraft:stone_pickaxe":1,"tombstone:bag_of_seeds":1,"minecraft:bread":5,"minecraft:smooth_quartz":2,"minecraft:coal":2,"midnight_madness:soul":3},"minecraft:dropped":{"minecraft:iron_ingot":4,"minecraft:red_bed":1,"wom:diamond_armbracelet":1,"minecraft:diamond":2,"midnight_madness:dark_essence":3,"minecraft:apple":3,"midnight_madness:strange_note":1,"minecraft:arrow":1}},"DataVersion":3120}