{"stats":{"minecraft:killed_by":{"midnight_madness:imitator":1},"minecraft:custom":{"minecraft:jump":35,"minecraft:time_since_rest":1443,"minecraft:damage_dealt":9,"minecraft:crouch_one_cm":68,"minecraft:sprint_one_cm":7473,"minecraft:deaths":1,"minecraft:play_time":3582,"minecraft:damage_taken":350,"minecraft:time_since_death":1954,"minecraft:walk_one_cm":23845,"minecraft:sneak_time":3,"minecraft:total_world_time":3582,"minecraft:drop":1,"minecraft:fall_one_cm":836,"minecraft:fly_one_cm":1735},"minecraft:picked_up":{"minecraft:sand":16,"midnight_madness:dark_essence":2},"minecraft:dropped":{"midnight_madness:dark_essence":1}},"DataVersion":3120}