{"stats":{"minecraft:mined":{"minecraft:white_bed":3,"minecraft:deepslate_brick_wall":1,"minecraft:cobblestone_stairs":1,"biomesoplenty:desert_grass":2,"biomesoplenty:black_sand":130,"minecraft:soul_lantern":1,"minecraft:warped_stairs":1,"minecraft:torch":14,"biomesoplenty:bush":2,"minecraft:grass_block":1,"minecraft:stone_brick_wall":2,"minecraft:chest":1,"minecraft:oak_planks":30,"minecraft:wall_torch":6,"minecraft:spawner":1,"minecraft:hay_block":9,"minecraft:chain":1,"minecraft:sea_pickle":1,"minecraft:cobbled_deepslate":2,"minecraft:white_carpet":1,"treechop:chopped_log":1,"minecraft:stone_brick_stairs":3,"minecraft:grass":8,"minecraft:dirt_path":2,"minecraft:sand":308,"minecraft:dirt":6,"minecraft:gray_carpet":1,"minecraft:smooth_basalt":1,"minecraft:stone":1,"minecraft:stone_bricks":2,"minecraft:oak_leaves":3,"minecraft:deepslate":2,"minecraft:spruce_slab":2,"minecraft:birch_fence":1,"minecraft:fern":3},"minecraft:crafted":{"minecraft:oak_planks":24,"minecraft:wooden_shovel":5,"minecraft:arrow":96,"minecraft:crafting_table":1,"prefab:item_swift_blade_stone":1,"minecraft:acacia_boat":1,"minecraft:oak_boat":2,"minecraft:stick":8,"minecraft:acacia_planks":116,"minecraft:wheat":81},"minecraft:killed":{"midnight_madness:fiend":1,"minecraft:creeper":2,"minecraft:sheep":3,"minecraft:skeleton":1,"midnight_madness:fallen_king":1},"minecraft:killed_by":{"minecraft:player":4,"minecraft:skeleton":5,"minecraft:creeper":1,"midnight_madness:fiend":2,"midnight_madness:reaper":1},"minecraft:used":{"minecraft:acacia_boat":1,"minecraft:iron_shovel":191,"mowziesmobs:umvuthana_mask_fear":1,"minecraft:stone_pickaxe":22,"minecraft:baked_potato":4,"minecraft:oak_planks":118,"minecraft:chest":1,"minecraft:iron_sword":48,"minecraft:wooden_shovel":222,"minecraft:torch":32,"minecraft:golden_hoe":9,"minecraft:dirt":21,"minecraft:mutton":1,"minecraft:crafting_table":1,"minecraft:white_bed":2,"minecraft:apple":12,"minecraft:bread":21,"minecraft:iron_pickaxe":2,"minecraft:stone_axe":56,"prefab:item_swift_blade_stone":99,"minecraft:cooked_porkchop":2,"tombstone:gift":3,"minecraft:oak_boat":4,"minecraft:cobbled_deepslate":2,"minecraft:acacia_planks":96},"minecraft:custom":{"minecraft:mob_kills":8,"minecraft:traded_with_villager":6,"minecraft:interact_with_crafting_table":5,"minecraft:open_barrel":8,"minecraft:leave_game":4,"minecraft:time_since_death":6806,"minecraft:sleep_in_bed":3,"minecraft:climb_one_cm":6375,"minecraft:time_since_rest":3792,"minecraft:sprint_one_cm":342511,"minecraft:damage_taken":5410,"minecraft:walk_one_cm":666393,"minecraft:drop":37,"minecraft:damage_dealt":3976,"minecraft:damage_dealt_absorbed":118,"minecraft:player_kills":4,"minecraft:swim_one_cm":25203,"minecraft:talked_to_villager":24,"minecraft:fly_one_cm":565210,"minecraft:open_chest":74,"minecraft:crouch_one_cm":2964,"minecraft:play_time":169994,"tombstone:undead_killed":3,"minecraft:deaths":14,"minecraft:sneak_time":803,"minecraft:walk_under_water_one_cm":47279,"minecraft:boat_one_cm":957418,"tombstone:tomb_raiding":1,"minecraft:jump":2383,"minecraft:walk_on_water_one_cm":42969,"minecraft:total_world_time":169994,"minecraft:fall_one_cm":62920,"minecraft:horse_one_cm":443967},"minecraft:picked_up":{"minecraft:leather":2,"minecraft:diamond_sword":1,"minecraft:stone_brick_wall":2,"minecraft:stone_brick_stairs":2,"minecraft:chain":1,"minecraft:warped_stairs":1,"minecraft:gunpowder":2,"minecraft:cobblestone_stairs":1,"minecraft:dirt":26,"minecraft:acacia_planks":26,"midnight_madness:dark_essence":3,"minecraft:iron_shovel":1,"minecraft:bone":2,"minecraft:birch_fence":2,"midnight_madness:dark_soul":2,"minecraft:stone_bricks":2,"minecraft:sea_pickle":4,"minecraft:wheat_seeds":4,"biomesoplenty:black_sand":102,"minecraft:cobbled_deepslate":2,"minecraft:stone_pickaxe":3,"minecraft:oak_boat":2,"minecraft:poppy":1,"minecraft:chest":1,"minecraft:iron_sword":3,"minecraft:oak_planks":34,"minecraft:egg":3,"minecraft:stick":2,"minecraft:deepslate_brick_wall":1,"minecraft:torch":23,"minecraft:sand":426,"minecraft:stripped_spruce_log":1,"minecraft:spruce_sapling":1,"tombstone:grave_dust":1,"minecraft:white_bed":3,"minecraft:spruce_log":11,"minecraft:arrow":2,"minecraft:rotten_flesh":4,"minecraft:diamond":14,"minecraft:stone_axe":1,"minecraft:soul_lantern":1,"minecraft:hay_block":9,"minecraft:iron_helmet":2,"minecraft:saddle":1,"minecraft:golden_horse_armor":1,"mowziesmobs:umvuthana_mask_fear":1,"minecraft:mutton":5,"minecraft:white_wool":6,"minecraft:cobblestone":1},"minecraft:broken":{"mowziesmobs:umvuthana_mask_fear":1,"minecraft:wooden_shovel":3,"minecraft:leather_boots":1},"minecraft:dropped":{"minecraft:bread":20,"minecraft:iron_sword":3,"minecraft:wheat_seeds":2,"minecraft:golden_helmet":1,"midnight_madness:dark_essence":3,"minecraft:iron_helmet":1,"minecraft:cobblestone":1,"minecraft:rotten_flesh":2,"minecraft:leather":2,"minecraft:poppy":1,"minecraft:diamond_sword":1,"minecraft:leather_chestplate":1,"minecraft:dirt":4,"minecraft:birch_fence":1,"minecraft:shield":1,"minecraft:sea_pickle":2,"minecraft:torch":1,"minecraft:leather_boots":1,"minecraft:stone_pickaxe":1,"minecraft:acacia_planks":27,"minecraft:iron_shovel":1,"minecraft:stone_brick_stairs":1,"minecraft:white_wool":4,"minecraft:egg":3}},"DataVersion":3120}