{"stats":{"minecraft:mined":{"minecraft:white_bed":2,"biomesoplenty:desert_grass":1,"minecraft:torch":14,"biomesoplenty:bush":2,"minecraft:grass_block":1,"minecraft:oak_planks":11,"minecraft:wall_torch":4,"minecraft:sea_pickle":1,"treechop:chopped_log":1,"minecraft:grass":2,"minecraft:dirt":3,"minecraft:sand":301,"minecraft:oak_leaves":3},"minecraft:crafted":{"minecraft:wooden_shovel":5,"prefab:item_swift_blade_stone":1,"minecraft:oak_boat":1,"minecraft:stick":8},"minecraft:killed":{"midnight_madness:fiend":1,"minecraft:creeper":2,"minecraft:sheep":2,"midnight_madness:fallen_king":1},"minecraft:killed_by":{"minecraft:player":3,"minecraft:skeleton":1,"minecraft:creeper":1,"midnight_madness:fiend":2},"minecraft:used":{"minecraft:iron_shovel":60,"mowziesmobs:umvuthana_mask_fear":1,"minecraft:oak_planks":57,"minecraft:wooden_shovel":222,"minecraft:torch":22,"minecraft:dirt":20,"minecraft:white_bed":1,"minecraft:bread":15,"minecraft:stone_axe":29,"prefab:item_swift_blade_stone":99,"minecraft:cooked_porkchop":2,"tombstone:gift":3,"minecraft:oak_boat":1},"minecraft:custom":{"minecraft:mob_kills":5,"minecraft:interact_with_crafting_table":3,"minecraft:open_barrel":1,"minecraft:leave_game":3,"minecraft:time_since_death":11859,"minecraft:sleep_in_bed":2,"minecraft:climb_one_cm":3299,"minecraft:time_since_rest":11584,"minecraft:sprint_one_cm":192393,"minecraft:damage_taken":2931,"minecraft:walk_one_cm":304480,"minecraft:drop":4,"minecraft:damage_dealt":3148,"minecraft:damage_dealt_absorbed":118,"minecraft:swim_one_cm":22277,"minecraft:talked_to_villager":6,"minecraft:fly_one_cm":361464,"minecraft:player_kills":3,"minecraft:open_chest":17,"minecraft:crouch_one_cm":1564,"minecraft:play_time":74565,"tombstone:undead_killed":2,"minecraft:deaths":8,"minecraft:sneak_time":586,"minecraft:walk_under_water_one_cm":23612,"minecraft:boat_one_cm":118679,"minecraft:jump":1304,"minecraft:walk_on_water_one_cm":29397,"minecraft:total_world_time":74565,"minecraft:fall_one_cm":31754},"minecraft:picked_up":{"minecraft:gunpowder":2,"minecraft:dirt":20,"midnight_madness:dark_essence":3,"minecraft:iron_shovel":1,"midnight_madness:dark_soul":2,"minecraft:sea_pickle":4,"minecraft:wheat_seeds":2,"minecraft:stone_pickaxe":2,"minecraft:oak_boat":1,"minecraft:poppy":1,"minecraft:oak_planks":18,"minecraft:stick":2,"minecraft:torch":20,"minecraft:sand":419,"minecraft:stripped_spruce_log":1,"minecraft:spruce_sapling":1,"tombstone:grave_dust":1,"minecraft:white_bed":2,"minecraft:spruce_log":11,"minecraft:rotten_flesh":4,"minecraft:stone_axe":1,"mowziesmobs:umvuthana_mask_fear":1,"minecraft:mutton":4,"minecraft:white_wool":2},"minecraft:broken":{"mowziesmobs:umvuthana_mask_fear":1,"minecraft:wooden_shovel":3},"minecraft:dropped":{"midnight_madness:dark_essence":1,"minecraft:sea_pickle":2,"minecraft:leather_boots":1}},"DataVersion":3120}