{"stats":{"minecraft:mined":{"minecraft:white_bed":1,"minecraft:sea_pickle":1,"biomesoplenty:desert_grass":1,"treechop:chopped_log":1,"minecraft:grass":1,"biomesoplenty:bush":2},"minecraft:crafted":{"minecraft:oak_boat":1,"prefab:item_swift_blade_stone":1},"minecraft:killed":{"minecraft:sheep":2,"midnight_madness:fiend":1,"minecraft:creeper":2},"minecraft:killed_by":{"minecraft:player":1,"midnight_madness:fiend":2},"minecraft:used":{"mowziesmobs:umvuthana_mask_fear":1,"minecraft:oak_planks":4,"minecraft:stone_axe":13,"minecraft:torch":2,"prefab:item_swift_blade_stone":66,"minecraft:cooked_porkchop":2,"tombstone:gift":2},"minecraft:custom":{"minecraft:time_since_rest":14181,"minecraft:sprint_one_cm":73371,"minecraft:damage_taken":995,"minecraft:walk_one_cm":166808,"minecraft:mob_kills":5,"minecraft:drop":3,"minecraft:damage_dealt":2212,"minecraft:damage_dealt_absorbed":118,"minecraft:talked_to_villager":6,"minecraft:interact_with_crafting_table":2,"minecraft:fly_one_cm":135220,"minecraft:player_kills":1,"minecraft:open_barrel":1,"minecraft:open_chest":12,"minecraft:crouch_one_cm":1155,"minecraft:play_time":24995,"tombstone:undead_killed":1,"minecraft:deaths":3,"minecraft:sneak_time":402,"minecraft:walk_under_water_one_cm":6862,"minecraft:jump":476,"minecraft:walk_on_water_one_cm":12720,"minecraft:time_since_death":16053,"minecraft:sleep_in_bed":1,"minecraft:total_world_time":24995,"minecraft:climb_one_cm":1715,"minecraft:fall_one_cm":9075},"minecraft:picked_up":{"minecraft:stick":2,"minecraft:spruce_sapling":1,"minecraft:stripped_spruce_log":1,"minecraft:white_bed":1,"minecraft:spruce_log":11,"minecraft:gunpowder":2,"midnight_madness:dark_soul":2,"minecraft:sea_pickle":4,"minecraft:stone_axe":1,"minecraft:stone_pickaxe":2,"mowziesmobs:umvuthana_mask_fear":1,"minecraft:mutton":4,"minecraft:white_wool":2},"minecraft:dropped":{"minecraft:sea_pickle":2,"minecraft:leather_boots":1}},"DataVersion":3120}