{"stats":{"minecraft:mined":{"minecraft:white_bed":3,"minecraft:cobblestone_stairs":1,"biomesoplenty:desert_grass":2,"minecraft:warped_stairs":1,"biomesoplenty:bush":2,"minecraft:grass_block":1,"minecraft:stone_brick_wall":2,"minecraft:coal_block":3,"minecraft:spawner":1,"minecraft:hay_block":9,"minecraft:cobbled_deepslate":2,"treechop:chopped_log":1,"minecraft:dirt_path":2,"minecraft:stone":1,"minecraft:spruce_slab":2,"minecraft:deepslate_brick_wall":1,"biomesoplenty:black_sand":130,"minecraft:soul_lantern":1,"minecraft:oak_fence":1,"minecraft:torch":14,"minecraft:chest":1,"minecraft:oak_planks":30,"minecraft:wall_torch":6,"minecraft:chain":1,"minecraft:sea_pickle":1,"minecraft:white_carpet":2,"minecraft:stone_brick_stairs":3,"minecraft:grass":8,"minecraft:dirt":6,"minecraft:sand":308,"minecraft:gray_carpet":1,"minecraft:smooth_basalt":1,"minecraft:stone_bricks":2,"minecraft:oak_leaves":3,"minecraft:birch_fence":1,"minecraft:deepslate":2,"minecraft:fern":3},"minecraft:crafted":{"minecraft:oak_planks":24,"minecraft:coal":27,"minecraft:wheat":81,"minecraft:wooden_shovel":5,"minecraft:arrow":128,"minecraft:crafting_table":1,"prefab:item_swift_blade_stone":1,"minecraft:acacia_boat":1,"minecraft:oak_boat":2,"minecraft:stick":8,"minecraft:acacia_planks":116},"minecraft:killed":{"midnight_madness:fiend":1,"minecraft:skeleton":1,"midnight_madness:fallen_king":1,"minecraft:creeper":2,"minecraft:sheep":3},"minecraft:killed_by":{"minecraft:player":4,"minecraft:creeper":1,"midnight_madness:fiend":2,"minecraft:skeleton":5,"midnight_madness:reaper":1},"minecraft:used":{"minecraft:iron_shovel":191,"mowziesmobs:umvuthana_mask_fear":1,"minecraft:chest":1,"minecraft:iron_sword":48,"minecraft:wooden_shovel":222,"minecraft:torch":32,"minecraft:dirt":21,"minecraft:mutton":1,"prefab:item_swift_blade_stone":99,"tombstone:gift":3,"minecraft:acacia_planks":103,"minecraft:cobbled_deepslate":2,"minecraft:acacia_boat":1,"minecraft:stone_pickaxe":22,"minecraft:baked_potato":4,"minecraft:oak_planks":118,"minecraft:golden_hoe":9,"minecraft:crafting_table":1,"minecraft:white_bed":2,"minecraft:apple":12,"minecraft:bread":24,"minecraft:iron_pickaxe":5,"minecraft:stone_axe":58,"minecraft:cooked_porkchop":2,"minecraft:oak_boat":4},"minecraft:custom":{"minecraft:mob_kills":8,"minecraft:interact_with_crafting_table":5,"minecraft:open_barrel":8,"minecraft:leave_game":4,"minecraft:time_since_death":18806,"minecraft:climb_one_cm":6375,"minecraft:sprint_one_cm":369843,"minecraft:walk_one_cm":769857,"minecraft:drop":41,"minecraft:damage_dealt_absorbed":118,"minecraft:talked_to_villager":29,"minecraft:play_time":181994,"minecraft:deaths":14,"minecraft:sneak_time":805,"minecraft:walk_under_water_one_cm":47279,"minecraft:boat_one_cm":1060109,"tombstone:tomb_raiding":1,"minecraft:jump":2549,"minecraft:walk_on_water_one_cm":43185,"minecraft:total_world_time":181994,"minecraft:traded_with_villager":8,"minecraft:sleep_in_bed":4,"minecraft:time_since_rest":3143,"minecraft:damage_taken":5450,"minecraft:damage_dealt":3976,"minecraft:swim_one_cm":25203,"minecraft:fly_one_cm":596955,"minecraft:player_kills":4,"minecraft:open_chest":77,"minecraft:crouch_one_cm":2964,"tombstone:undead_killed":3,"minecraft:fall_one_cm":65246,"minecraft:horse_one_cm":443967},"minecraft:broken":{"mowziesmobs:umvuthana_mask_fear":1,"minecraft:wooden_shovel":3,"minecraft:leather_boots":1},"minecraft:picked_up":{"minecraft:iron_chestplate":1,"minecraft:diamond_sword":1,"minecraft:stone_brick_wall":2,"minecraft:stone_brick_stairs":2,"minecraft:chain":1,"minecraft:warped_stairs":1,"minecraft:golden_sword":1,"midnight_madness:dark_essence":3,"minecraft:iron_leggings":1,"minecraft:iron_shovel":1,"minecraft:birch_fence":2,"midnight_madness:dark_soul":2,"minecraft:sea_pickle":4,"minecraft:cobbled_deepslate":2,"biomesoplenty:black_sand":102,"minecraft:oak_boat":2,"minecraft:poppy":1,"minecraft:iron_pickaxe":1,"minecraft:coal_block":3,"minecraft:chest":1,"minecraft:egg":3,"minecraft:iron_boots":1,"minecraft:stick":2,"minecraft:deepslate_brick_wall":1,"minecraft:torch":23,"tombstone:grave_dust":1,"minecraft:rotten_flesh":4,"minecraft:arrow":2,"minecraft:hay_block":9,"minecraft:saddle":1,"minecraft:mutton":5,"minecraft:cobblestone":1,"minecraft:white_wool":6,"minecraft:leather":2,"minecraft:gunpowder":2,"minecraft:cobblestone_stairs":1,"minecraft:dirt":26,"minecraft:bone":2,"minecraft:acacia_planks":26,"minecraft:stone_bricks":2,"minecraft:bow":1,"minecraft:wheat_seeds":4,"minecraft:stone_pickaxe":3,"minecraft:oak_planks":34,"minecraft:iron_sword":3,"minecraft:sand":426,"minecraft:stripped_spruce_log":1,"minecraft:spruce_sapling":1,"minecraft:white_bed":3,"minecraft:spruce_log":11,"minecraft:diamond":14,"minecraft:stone_axe":1,"minecraft:soul_lantern":1,"minecraft:iron_helmet":2,"minecraft:golden_horse_armor":1,"minecraft:emerald":1,"mowziesmobs:umvuthana_mask_fear":1},"minecraft:dropped":{"minecraft:bread":20,"minecraft:iron_sword":3,"minecraft:wheat_seeds":2,"minecraft:golden_helmet":1,"minecraft:iron_helmet":1,"minecraft:cobblestone":1,"minecraft:leather":2,"minecraft:dirt":4,"minecraft:birch_fence":1,"minecraft:torch":1,"minecraft:iron_pickaxe":1,"minecraft:iron_shovel":1,"minecraft:white_wool":4,"minecraft:acacia_planks":27,"minecraft:golden_chestplate":1,"midnight_madness:dark_essence":3,"minecraft:rotten_flesh":2,"minecraft:diamond_sword":1,"minecraft:poppy":1,"minecraft:leather_chestplate":1,"minecraft:shield":1,"minecraft:sea_pickle":2,"minecraft:leather_boots":1,"minecraft:golden_leggings":1,"minecraft:golden_sword":1,"minecraft:stone_pickaxe":1,"minecraft:stone_brick_stairs":1,"minecraft:egg":3}},"DataVersion":3120}