{"stats":{"minecraft:mined":{"minecraft:white_bed":2,"minecraft:sea_pickle":1,"biomesoplenty:desert_grass":1,"treechop:chopped_log":1,"minecraft:torch":3,"minecraft:grass":1,"biomesoplenty:bush":2,"minecraft:grass_block":1,"minecraft:sand":250,"minecraft:dirt":3,"minecraft:oak_planks":11,"minecraft:oak_leaves":3,"minecraft:wall_torch":2},"minecraft:crafted":{"minecraft:oak_boat":1,"minecraft:wooden_shovel":5,"prefab:item_swift_blade_stone":1,"minecraft:stick":8},"minecraft:killed":{"minecraft:sheep":2,"midnight_madness:fiend":1,"minecraft:creeper":2},"minecraft:killed_by":{"minecraft:player":2,"minecraft:skeleton":1,"minecraft:creeper":1,"midnight_madness:fiend":2},"minecraft:used":{"minecraft:iron_shovel":26,"mowziesmobs:umvuthana_mask_fear":1,"minecraft:bread":12,"minecraft:oak_planks":57,"minecraft:wooden_shovel":222,"minecraft:stone_axe":29,"minecraft:torch":7,"prefab:item_swift_blade_stone":78,"minecraft:dirt":3,"minecraft:cooked_porkchop":2,"tombstone:gift":2,"minecraft:white_bed":1},"minecraft:custom":{"minecraft:time_since_rest":6112,"minecraft:sprint_one_cm":146675,"minecraft:damage_taken":2550,"minecraft:walk_one_cm":277895,"minecraft:mob_kills":5,"minecraft:drop":4,"minecraft:damage_dealt":2498,"minecraft:damage_dealt_absorbed":118,"minecraft:interact_with_crafting_table":3,"minecraft:swim_one_cm":22277,"minecraft:talked_to_villager":6,"minecraft:player_kills":1,"minecraft:fly_one_cm":291398,"minecraft:open_barrel":1,"minecraft:open_chest":15,"minecraft:crouch_one_cm":1564,"minecraft:play_time":62565,"tombstone:undead_killed":1,"minecraft:deaths":7,"minecraft:sneak_time":573,"minecraft:walk_under_water_one_cm":21370,"minecraft:jump":1094,"minecraft:leave_game":3,"minecraft:time_since_death":6306,"minecraft:walk_on_water_one_cm":25574,"minecraft:sleep_in_bed":2,"minecraft:climb_one_cm":3299,"minecraft:total_world_time":62565,"minecraft:fall_one_cm":26890},"minecraft:broken":{"minecraft:wooden_shovel":3},"minecraft:picked_up":{"minecraft:stick":2,"minecraft:torch":6,"minecraft:sand":324,"minecraft:stripped_spruce_log":1,"minecraft:spruce_sapling":1,"minecraft:white_bed":2,"minecraft:spruce_log":11,"minecraft:gunpowder":2,"minecraft:dirt":20,"midnight_madness:dark_essence":1,"minecraft:iron_shovel":1,"minecraft:rotten_flesh":2,"midnight_madness:dark_soul":2,"minecraft:sea_pickle":4,"minecraft:stone_axe":1,"minecraft:wheat_seeds":2,"minecraft:stone_pickaxe":2,"mowziesmobs:umvuthana_mask_fear":1,"minecraft:mutton":4,"minecraft:oak_planks":18,"minecraft:white_wool":2},"minecraft:dropped":{"minecraft:sea_pickle":2,"midnight_madness:dark_essence":1,"minecraft:leather_boots":1}},"DataVersion":3120}