{"stats":{"minecraft:mined":{"minecraft:white_bed":1,"minecraft:sea_pickle":1},"minecraft:crafted":{"prefab:item_swift_blade_stone":1},"minecraft:killed":{"midnight_madness:fiend":1,"minecraft:creeper":2},"minecraft:killed_by":{"midnight_madness:fiend":2,"minecraft:player":1},"minecraft:used":{"prefab:item_swift_blade_stone":56,"mowziesmobs:umvuthana_mask_fear":1},"minecraft:custom":{"minecraft:open_barrel":1,"minecraft:time_since_rest":2181,"minecraft:open_chest":8,"minecraft:crouch_one_cm":1155,"tombstone:undead_killed":1,"minecraft:play_time":12995,"minecraft:sprint_one_cm":22109,"minecraft:deaths":3,"minecraft:damage_taken":815,"minecraft:walk_one_cm":93165,"minecraft:sneak_time":381,"minecraft:mob_kills":2,"minecraft:walk_under_water_one_cm":6398,"minecraft:drop":2,"minecraft:jump":138,"minecraft:damage_dealt":1952,"minecraft:climb_one_cm":1715,"minecraft:time_since_death":4053,"minecraft:walk_on_water_one_cm":9698,"minecraft:sleep_in_bed":1,"minecraft:total_world_time":12995,"minecraft:interact_with_crafting_table":1,"minecraft:fall_one_cm":743,"minecraft:fly_one_cm":25502,"minecraft:player_kills":1},"minecraft:picked_up":{"midnight_madness:dark_soul":2,"minecraft:sea_pickle":4,"minecraft:stone_axe":1,"minecraft:stone_pickaxe":2,"minecraft:white_bed":1,"mowziesmobs:umvuthana_mask_fear":1,"minecraft:gunpowder":2},"minecraft:dropped":{"minecraft:sea_pickle":2}},"DataVersion":3120}