{"stats":{"minecraft:mined":{"minecraft:white_bed":2,"minecraft:deepslate_brick_wall":1,"minecraft:cobblestone_stairs":1,"biomesoplenty:desert_grass":2,"biomesoplenty:black_sand":130,"minecraft:soul_lantern":1,"minecraft:warped_stairs":1,"minecraft:torch":14,"biomesoplenty:bush":2,"minecraft:grass_block":1,"minecraft:stone_brick_wall":2,"minecraft:chest":1,"minecraft:oak_planks":30,"minecraft:wall_torch":6,"minecraft:spawner":1,"minecraft:chain":1,"minecraft:sea_pickle":1,"minecraft:white_carpet":1,"treechop:chopped_log":1,"minecraft:stone_brick_stairs":3,"minecraft:grass":3,"minecraft:dirt_path":2,"minecraft:dirt":6,"minecraft:sand":301,"minecraft:gray_carpet":1,"minecraft:smooth_basalt":1,"minecraft:stone":1,"minecraft:stone_bricks":2,"minecraft:oak_leaves":3,"minecraft:deepslate":2,"minecraft:fern":3},"minecraft:crafted":{"minecraft:wooden_shovel":5,"minecraft:arrow":96,"prefab:item_swift_blade_stone":1,"minecraft:oak_boat":2,"minecraft:stick":8},"minecraft:killed":{"midnight_madness:fiend":1,"minecraft:creeper":2,"minecraft:sheep":2,"midnight_madness:fallen_king":1},"minecraft:killed_by":{"minecraft:player":3,"minecraft:skeleton":4,"minecraft:creeper":1,"midnight_madness:fiend":2},"minecraft:used":{"minecraft:iron_shovel":191,"mowziesmobs:umvuthana_mask_fear":1,"minecraft:stone_pickaxe":22,"minecraft:baked_potato":4,"minecraft:oak_planks":103,"minecraft:iron_sword":8,"minecraft:chest":1,"minecraft:wooden_shovel":222,"minecraft:torch":28,"minecraft:dirt":21,"minecraft:white_bed":1,"minecraft:apple":9,"minecraft:bread":15,"minecraft:stone_axe":52,"prefab:item_swift_blade_stone":99,"minecraft:cooked_porkchop":2,"tombstone:gift":3,"minecraft:oak_boat":4,"minecraft:cobbled_deepslate":2},"minecraft:custom":{"minecraft:mob_kills":5,"minecraft:traded_with_villager":6,"minecraft:interact_with_crafting_table":4,"minecraft:open_barrel":5,"minecraft:leave_game":3,"minecraft:time_since_death":34434,"minecraft:sleep_in_bed":2,"minecraft:climb_one_cm":4495,"minecraft:time_since_rest":33805,"minecraft:sprint_one_cm":280954,"minecraft:damage_taken":4210,"minecraft:walk_one_cm":507878,"minecraft:drop":17,"minecraft:damage_dealt":3353,"minecraft:damage_dealt_absorbed":118,"minecraft:swim_one_cm":22277,"minecraft:talked_to_villager":13,"minecraft:fly_one_cm":526297,"minecraft:player_kills":4,"minecraft:open_chest":36,"minecraft:crouch_one_cm":2178,"minecraft:play_time":122565,"tombstone:undead_killed":2,"minecraft:deaths":11,"minecraft:sneak_time":688,"minecraft:walk_under_water_one_cm":30993,"minecraft:boat_one_cm":432104,"tombstone:tomb_raiding":1,"minecraft:jump":2047,"minecraft:walk_on_water_one_cm":36242,"minecraft:total_world_time":122565,"minecraft:fall_one_cm":54696},"minecraft:picked_up":{"minecraft:stone_brick_wall":2,"minecraft:stone_brick_stairs":2,"minecraft:chain":1,"minecraft:warped_stairs":1,"minecraft:gunpowder":2,"minecraft:cobblestone_stairs":1,"minecraft:dirt":26,"midnight_madness:dark_essence":3,"minecraft:iron_shovel":1,"minecraft:bone":2,"minecraft:stone_bricks":2,"midnight_madness:dark_soul":2,"minecraft:sea_pickle":4,"minecraft:wheat_seeds":3,"minecraft:cobbled_deepslate":2,"biomesoplenty:black_sand":102,"minecraft:stone_pickaxe":3,"minecraft:oak_boat":2,"minecraft:poppy":1,"minecraft:chest":1,"minecraft:iron_sword":1,"minecraft:oak_planks":34,"minecraft:stick":2,"minecraft:deepslate_brick_wall":1,"minecraft:torch":22,"minecraft:sand":419,"minecraft:stripped_spruce_log":1,"minecraft:spruce_sapling":1,"tombstone:grave_dust":1,"minecraft:white_bed":2,"minecraft:spruce_log":11,"minecraft:arrow":1,"minecraft:rotten_flesh":4,"minecraft:stone_axe":1,"minecraft:soul_lantern":1,"mowziesmobs:umvuthana_mask_fear":1,"minecraft:mutton":4,"minecraft:white_wool":4,"minecraft:cobblestone":1},"minecraft:broken":{"mowziesmobs:umvuthana_mask_fear":1,"minecraft:wooden_shovel":3,"minecraft:leather_boots":1},"minecraft:dropped":{"minecraft:iron_sword":1,"minecraft:wheat_seeds":1,"midnight_madness:dark_essence":3,"minecraft:cobblestone":1,"minecraft:rotten_flesh":2,"minecraft:poppy":1,"minecraft:dirt":4,"minecraft:leather_chestplate":1,"minecraft:shield":1,"minecraft:sea_pickle":2,"minecraft:leather_boots":1,"minecraft:stone_pickaxe":1,"minecraft:stone_brick_stairs":1,"minecraft:white_wool":2}},"DataVersion":3120}