{"stats":{"minecraft:mined":{"minecraft:white_bed":1,"minecraft:sea_pickle":1,"biomesoplenty:desert_grass":1,"treechop:chopped_log":1,"minecraft:grass":1,"biomesoplenty:bush":2,"minecraft:oak_planks":10},"minecraft:crafted":{"minecraft:oak_boat":1,"prefab:item_swift_blade_stone":1},"minecraft:killed":{"minecraft:sheep":2,"midnight_madness:fiend":1,"minecraft:creeper":2},"minecraft:killed_by":{"minecraft:player":1,"midnight_madness:fiend":2},"minecraft:used":{"mowziesmobs:umvuthana_mask_fear":1,"minecraft:bread":7,"minecraft:oak_planks":46,"minecraft:stone_axe":23,"minecraft:torch":2,"prefab:item_swift_blade_stone":66,"minecraft:cooked_porkchop":2,"tombstone:gift":2,"minecraft:white_bed":1},"minecraft:custom":{"minecraft:time_since_rest":5041,"minecraft:sprint_one_cm":105983,"minecraft:damage_taken":1580,"minecraft:walk_one_cm":201105,"minecraft:mob_kills":5,"minecraft:drop":3,"minecraft:damage_dealt":2212,"minecraft:swim_one_cm":13105,"minecraft:damage_dealt_absorbed":118,"minecraft:interact_with_crafting_table":2,"minecraft:talked_to_villager":6,"minecraft:fly_one_cm":211363,"minecraft:player_kills":1,"minecraft:open_barrel":1,"minecraft:open_chest":15,"minecraft:crouch_one_cm":1155,"minecraft:play_time":37270,"tombstone:undead_killed":1,"minecraft:deaths":4,"minecraft:sneak_time":514,"minecraft:walk_under_water_one_cm":18626,"minecraft:jump":770,"minecraft:leave_game":1,"minecraft:time_since_death":10150,"minecraft:walk_on_water_one_cm":16833,"minecraft:sleep_in_bed":2,"minecraft:climb_one_cm":2343,"minecraft:total_world_time":37270,"minecraft:fall_one_cm":16568},"minecraft:picked_up":{"minecraft:stick":2,"minecraft:sand":14,"minecraft:stripped_spruce_log":1,"minecraft:spruce_sapling":1,"minecraft:white_bed":1,"minecraft:spruce_log":11,"minecraft:gunpowder":2,"midnight_madness:dark_soul":2,"minecraft:sea_pickle":4,"minecraft:stone_axe":1,"minecraft:stone_pickaxe":2,"mowziesmobs:umvuthana_mask_fear":1,"minecraft:mutton":4,"minecraft:oak_planks":16,"minecraft:white_wool":2},"minecraft:dropped":{"minecraft:sea_pickle":2,"minecraft:leather_boots":1}},"DataVersion":3120}