{"stats":{"minecraft:mined":{"minecraft:white_bed":3,"biomesoplenty:desert_grass":1,"minecraft:crafting_table":3,"minecraft:grass_block":1,"minecraft:dead_bush":27,"biomesoplenty:dead_grass":1,"minecraft:fire":1,"minecraft:pumpkin":5,"treechop:chopped_log":6,"minecraft:grass":10,"minecraft:coal_ore":6,"minecraft:smooth_quartz":2,"minecraft:stone":7,"minecraft:tripwire":4},"minecraft:crafted":{"minecraft:oak_planks":108,"minecraft:cooked_porkchop":2,"minecraft:crafting_table":1,"prefab:item_swift_blade_stone":1,"minecraft:wooden_pickaxe":1,"minecraft:stone_axe":1,"minecraft:cooked_mutton":6,"minecraft:air":0,"biomesoplenty:fir_planks":240,"minecraft:oak_boat":1,"minecraft:iron_ingot":1,"minecraft:stone_pickaxe":1,"minecraft:wooden_axe":1,"minecraft:white_bed":1},"minecraft:killed":{"minecraft:pig":3,"minecraft:spider":5,"mowziesmobs:umvuthana_follower_raptor":4,"minecraft:creeper":1,"minecraft:horse":4,"minecraft:sheep":6,"minecraft:skeleton":5,"minecraft:zombie":8,"midnight_madness:fallen_king":1,"mutantmonsters:mutant_zombie":1,"mowziesmobs:umvuthana_raptor":1,"minecraft:cow":10},"minecraft:killed_by":{"mutantmonsters:mutant_skeleton":1},"minecraft:used":{"minecraft:cooked_mutton":6,"epicfight:skillbook":4,"wom:herrscher":7,"minecraft:stone_pickaxe":9,"minecraft:wooden_pickaxe":6,"biomesoplenty:fir_planks":2,"biomesoplenty:flowering_oak_sapling":1,"wom:ruine":19,"minecraft:dirt":1,"minecraft:white_carpet":4,"minecraft:crafting_table":3,"minecraft:carrot":3,"minecraft:white_bed":3,"minecraft:acacia_sapling":1,"biomesoplenty:wildflower":5,"wom:agony":76,"tombstone:bag_of_seeds":2,"wom:ender_blaster":9,"minecraft:wooden_axe":17,"minecraft:apple":1,"minecraft:string":4,"minecraft:bread":18,"minecraft:smooth_quartz":1,"wom:netherite_staff":10,"minecraft:item_frame":2,"mutantmonsters:mutant_zombie_spawn_egg":1,"minecraft:stone_axe":88,"prefab:item_swift_blade_stone":163,"tombstone:gift":2,"minecraft:oak_boat":5,"wom:moonless":28,"minecraft:potato":7,"minecraft:pumpkin":5},"minecraft:custom":{"minecraft:interact_with_furnace":3,"minecraft:mob_kills":70,"minecraft:interact_with_crafting_table":10,"minecraft:open_barrel":11,"minecraft:interact_with_loom":1,"minecraft:leave_game":3,"minecraft:time_since_death":61069,"minecraft:sleep_in_bed":4,"minecraft:climb_one_cm":4040,"minecraft:time_since_rest":9535,"minecraft:sprint_one_cm":374932,"minecraft:damage_taken":1133,"minecraft:walk_one_cm":316740,"minecraft:drop":8,"minecraft:damage_dealt":10750,"minecraft:damage_dealt_absorbed":3134,"minecraft:swim_one_cm":23398,"minecraft:fly_one_cm":831118,"minecraft:open_chest":22,"minecraft:crouch_one_cm":12829,"minecraft:play_time":73541,"tombstone:undead_killed":15,"minecraft:deaths":1,"minecraft:sneak_time":1673,"minecraft:walk_under_water_one_cm":6122,"minecraft:boat_one_cm":99033,"minecraft:jump":1829,"minecraft:walk_on_water_one_cm":7052,"minecraft:total_world_time":73541,"minecraft:fall_one_cm":49698},"minecraft:picked_up":{"minecraft:crafting_table":3,"minecraft:feather":3,"minecraft:brown_wool":2,"minecraft:leather":14,"biomesoplenty:fir_sapling":16,"biomesoplenty:fir_log":60,"minecraft:oak_log":41,"minecraft:dirt":1,"midnight_madness:crown_of_the_fallen_king_helmet":1,"minecraft:string":10,"minecraft:item_frame":2,"midnight_madness:dark_essence":1,"minecraft:white_carpet":4,"minecraft:bone":7,"minecraft:apple":1,"midnight_madness:dark_soul":1,"minecraft:wheat_seeds":6,"minecraft:beef":19,"minecraft:oak_boat":5,"tombstone:bag_of_seeds":2,"minecraft:smooth_quartz":1,"biomesoplenty:wildflower":15,"minecraft:acacia_sapling":1,"biomesoplenty:cherry_log":37,"midnight_madness:soul":3,"minecraft:stick":57,"minecraft:pumpkin":5,"minecraft:acacia_log":29,"sophisticatedbackpacks:backpack":1,"epicfight:skillbook":1,"minecraft:porkchop":5,"biomesoplenty:white_cherry_sapling":23,"tombstone:grave_dust":2,"minecraft:white_bed":3,"minecraft:spider_eye":1,"biomesoplenty:flowering_oak_sapling":1,"mutantmonsters:hulk_hammer":1,"minecraft:arrow":6,"minecraft:rotten_flesh":8,"mowziesmobs:umvuthana_mask_bliss":1,"mowziesmobs:umvuthana_mask_fear":3,"minecraft:oak_sapling":25,"biomesoplenty:pink_cherry_sapling":2,"minecraft:mutton":11,"minecraft:coal":6,"minecraft:white_wool":4,"minecraft:cobblestone":7},"minecraft:dropped":{"minecraft:wheat_seeds":2,"minecraft:rotten_flesh":5,"biomesoplenty:wildflower":1,"minecraft:oak_sapling":3,"minecraft:spider_eye":1}},"DataVersion":3120}