{"stats":{"minecraft:mined":{"minecraft:white_bed":3,"biomesoplenty:desert_grass":1,"biomesoplenty:bush":11,"minecraft:acacia_log":2,"minecraft:grass_block":7,"minecraft:spruce_fence":1,"biomesoplenty:dead_grass":1,"minecraft:spawner":2,"minecraft:furnace":2,"minecraft:iron_ore":4,"minecraft:fire":1,"minecraft:barrel":4,"minecraft:pumpkin":5,"treechop:chopped_log":13,"minecraft:enchanting_table":1,"minecraft:stone":22,"minecraft:tripwire":4,"minecraft:acacia_leaves":4,"minecraft:red_bed":4,"minecraft:crafting_table":7,"minecraft:torch":10,"minecraft:dark_oak_wood":1,"biomesoplenty:fir_planks":2,"minecraft:dead_bush":29,"minecraft:tall_grass":3,"minecraft:oak_planks":1,"minecraft:wall_torch":4,"minecraft:white_terracotta":138,"minecraft:grass":28,"minecraft:coal_ore":54,"minecraft:dirt":3,"minecraft:sand":21,"minecraft:smooth_quartz":8,"minecraft:oak_leaves":23,"minecraft:fern":16},"minecraft:crafted":{"biomesoplenty:fir_trapdoor":2,"minecraft:oak_planks":108,"toolbelt:belt":1,"minecraft:cooked_mutton":6,"minecraft:stone_pickaxe":4,"minecraft:chest":2,"minecraft:cooked_beef":13,"minecraft:cooked_porkchop":11,"minecraft:crafting_table":5,"prefab:item_swift_blade_stone":2,"minecraft:wooden_pickaxe":1,"minecraft:stone_axe":3,"prefab:item_swift_blade_iron":1,"minecraft:air":0,"biomesoplenty:fir_planks":240,"minecraft:oak_boat":1,"minecraft:shield":3,"minecraft:iron_ingot":5,"minecraft:iron_pickaxe":1,"minecraft:wooden_axe":1,"minecraft:white_bed":1,"minecraft:torch":124,"prefab:item_swift_blade_diamond":1},"minecraft:killed":{"midnight_madness:imitator":2,"minecraft:cave_spider":10,"midnight_madness:fiend":1,"minecraft:spider":11,"minecraft:skeleton":14,"minecraft:horse":4,"midnight_madness:fallen_king":2,"minecraft:husk":1,"minecraft:pig":7,"minecraft:zombie_villager":1,"minecraft:wandering_trader":1,"mowziesmobs:umvuthana_follower_raptor":4,"minecraft:creeper":4,"minecraft:sheep":9,"minecraft:trader_llama":2,"minecraft:pillager":6,"minecraft:zombie":17,"mutantmonsters:mutant_zombie":1,"mowziesmobs:umvuthana_raptor":1,"minecraft:cow":10},"minecraft:killed_by":{"minecraft:player":3,"minecraft:wither_skeleton":1,"midnight_madness:fiend":1,"midnight_madness:fallen_king":1,"mutantmonsters:mutant_skeleton":1,"midnight_madness:reaper":1},"minecraft:used":{"minecraft:iron_shovel":19,"minecraft:oak_sign":1,"minecraft:shield":10,"minecraft:white_terracotta":5,"minecraft:torch":43,"minecraft:dirt":9,"minecraft:white_carpet":4,"minecraft:carrot":3,"minecraft:acacia_sapling":1,"minecraft:wooden_axe":17,"wom:agony":76,"wom:ender_blaster":9,"wom:diamond_armbracelet":1,"minecraft:lantern":1,"minecraft:smooth_quartz":1,"wom:netherite_staff":10,"minecraft:barrel":4,"minecraft:item_frame":2,"prefab:item_swift_blade_stone":199,"minecraft:oak_sapling":23,"minecraft:furnace":2,"biomesoplenty:fir_trapdoor":2,"tombstone:gift":4,"minecraft:egg":1,"minecraft:potato":7,"minecraft:cooked_beef":19,"minecraft:pumpkin":5,"minecraft:cooked_mutton":6,"minecraft:water_bucket":6,"epicfight:skillbook":17,"wom:herrscher":7,"minecraft:gray_carpet":1,"minecraft:stone_pickaxe":85,"minecraft:oak_planks":2,"minecraft:wooden_pickaxe":6,"biomesoplenty:fir_planks":13,"biomesoplenty:flowering_oak_sapling":1,"prefab:item_swift_blade_diamond":73,"wom:ruine":19,"prefab:item_swift_blade_iron":251,"minecraft:sand":8,"minecraft:crafting_table":10,"minecraft:red_bed":3,"minecraft:white_bed":4,"biomesoplenty:wildflower":5,"tombstone:bag_of_seeds":6,"minecraft:apple":1,"minecraft:iron_pickaxe":144,"minecraft:bread":44,"minecraft:map":1,"minecraft:string":4,"minecraft:stone_axe":200,"minecraft:diamond_sword":12,"mutantmonsters:mutant_zombie_spawn_egg":1,"minecraft:white_banner":1,"minecraft:cooked_porkchop":6,"minecraft:bucket":6,"minecraft:sea_pickle":2,"minecraft:oak_boat":6,"wom:moonless":28,"minecraft:experience_bottle":1},"minecraft:custom":{"minecraft:interact_with_smithing_table":2,"minecraft:mob_kills":134,"minecraft:interact_with_crafting_table":32,"minecraft:open_barrel":12,"minecraft:bell_ring":2,"minecraft:damage_dealt_resisted":588,"minecraft:leave_game":7,"minecraft:time_since_death":9260,"minecraft:climb_one_cm":8763,"minecraft:sprint_one_cm":1139104,"minecraft:walk_one_cm":930129,"minecraft:damage_blocked_by_shield":218,"minecraft:drop":41,"minecraft:damage_dealt_absorbed":3437,"minecraft:talked_to_villager":3,"minecraft:play_time":206932,"minecraft:deaths":8,"minecraft:sneak_time":6486,"minecraft:walk_under_water_one_cm":18370,"minecraft:boat_one_cm":261436,"minecraft:jump":5417,"minecraft:walk_on_water_one_cm":25660,"minecraft:total_world_time":206932,"minecraft:interact_with_furnace":18,"tombstone:raider_killed":6,"minecraft:interact_with_loom":3,"minecraft:raid_trigger":1,"minecraft:sleep_in_bed":8,"minecraft:time_since_rest":6861,"minecraft:damage_taken":5504,"minecraft:damage_dealt":26243,"minecraft:player_kills":4,"minecraft:swim_one_cm":113003,"minecraft:fly_one_cm":2208814,"minecraft:open_chest":74,"minecraft:crouch_one_cm":55636,"tombstone:undead_killed":37,"tombstone:villager_killed":1,"minecraft:fall_one_cm":153010},"minecraft:broken":{"prefab:item_swift_blade_iron":1,"minecraft:leather_chestplate":1,"minecraft:golden_leggings":1},"minecraft:picked_up":{"minecraft:crafting_table":7,"minecraft:lead":2,"minecraft:diamond_sword":1,"minecraft:shield":1,"midnight_madness:crown_of_the_fallen_king_helmet":1,"minecraft:string":31,"minecraft:red_bed":5,"midnight_madness:dark_essence":3,"minecraft:item_frame":2,"minecraft:white_carpet":4,"minecraft:cyan_carpet":1,"minecraft:oak_sign":1,"midnight_madness:dark_soul":3,"minecraft:sea_pickle":2,"biomesoplenty:fir_planks":179,"minecraft:beef":19,"minecraft:oak_boat":6,"minecraft:rose_bush":1,"toolbelt:belt":1,"minecraft:iron_pickaxe":1,"minecraft:smooth_quartz":7,"biomesoplenty:wildflower":15,"minecraft:furnace":2,"minecraft:egg":1,"midnight_madness:soul":7,"minecraft:stick":122,"minecraft:raw_iron":4,"minecraft:torch":13,"minecraft:acacia_log":31,"minecraft:porkchop":14,"wom:diamond_armbracelet":1,"sophisticatedbackpacks:backpack":1,"epicfight:skillbook":5,"tombstone:grave_dust":6,"mutantmonsters:hulk_hammer":1,"minecraft:arrow":13,"minecraft:rotten_flesh":14,"prefab:item_swift_blade_diamond":1,"mowziesmobs:umvuthana_mask_bliss":1,"sophisticatedbackpacks:copper_backpack":1,"minecraft:white_terracotta":136,"biomesoplenty:pink_cherry_sapling":2,"minecraft:mutton":15,"minecraft:white_wool":7,"minecraft:cobblestone":23,"minecraft:enchanting_table":1,"minecraft:feather":3,"minecraft:cooked_beef":6,"minecraft:water_bucket":1,"minecraft:brown_wool":2,"minecraft:leather":16,"biomesoplenty:fir_sapling":16,"biomesoplenty:fir_log":60,"minecraft:oak_log":205,"minecraft:chainmail_chestplate":1,"minecraft:dirt":19,"minecraft:lantern":1,"minecraft:white_banner":1,"minecraft:leather_boots":1,"minecraft:bone":16,"minecraft:apple":19,"minecraft:gray_carpet":1,"minecraft:wheat_seeds":11,"minecraft:iron_ingot":4,"tombstone:bag_of_seeds":3,"minecraft:acacia_sapling":1,"wom:diamond_legbottomseal":2,"biomesoplenty:cherry_log":37,"minecraft:oak_planks":5,"minecraft:cooked_porkchop":5,"minecraft:pumpkin":5,"midnight_madness:broken_sword":1,"minecraft:sand":112,"biomesoplenty:white_cherry_sapling":23,"minecraft:white_bed":3,"minecraft:barrel":4,"minecraft:spider_eye":6,"biomesoplenty:flowering_oak_sapling":1,"minecraft:diamond":2,"minecraft:stone_axe":1,"minecraft:chainmail_leggings":1,"minecraft:crossbow":1,"minecraft:chainmail_helmet":1,"mowziesmobs:umvuthana_mask_fear":4,"minecraft:oak_sapling":124,"minecraft:dark_oak_wood":1,"minecraft:coal":93},"minecraft:dropped":{"minecraft:wheat_seeds":4,"wom:diamond_armbracelet":1,"wom:diamond_legbottomseal":1,"minecraft:crossbow":1,"mowziesmobs:umvuthana_mask_fear":2,"minecraft:apple":18,"prefab:item_swift_blade_stone":1,"minecraft:smooth_quartz":3,"minecraft:sand":103,"minecraft:iron_shovel":1,"minecraft:bone":1,"minecraft:stone_axe":1,"midnight_madness:dark_essence":1,"minecraft:rotten_flesh":7,"minecraft:oak_planks":3,"minecraft:shield":2,"biomesoplenty:wildflower":1,"minecraft:oak_sapling":53,"midnight_madness:broken_sword":1,"minecraft:spider_eye":4,"minecraft:arrow":2,"minecraft:stone_pickaxe":3,"epicfight:skillbook":1}},"DataVersion":3120}