{"stats":{"minecraft:mined":{"minecraft:white_bed":3,"biomesoplenty:desert_grass":1,"biomesoplenty:bush":11,"minecraft:grass_block":7,"biomesoplenty:dead_grass":1,"minecraft:furnace":2,"minecraft:iron_ore":4,"minecraft:barrel":4,"minecraft:fire":1,"minecraft:pumpkin":5,"treechop:chopped_log":13,"minecraft:stone":21,"minecraft:tripwire":4,"minecraft:red_bed":4,"minecraft:crafting_table":6,"minecraft:torch":10,"biomesoplenty:fir_planks":2,"minecraft:dead_bush":29,"minecraft:tall_grass":1,"minecraft:wall_torch":4,"minecraft:white_terracotta":137,"minecraft:grass":23,"minecraft:coal_ore":49,"minecraft:sand":19,"minecraft:dirt":1,"minecraft:smooth_quartz":2,"minecraft:oak_leaves":23},"minecraft:crafted":{"biomesoplenty:fir_trapdoor":2,"minecraft:oak_planks":108,"toolbelt:belt":1,"minecraft:cooked_mutton":6,"minecraft:stone_pickaxe":4,"minecraft:chest":2,"minecraft:cooked_beef":13,"minecraft:cooked_porkchop":2,"minecraft:crafting_table":2,"prefab:item_swift_blade_stone":1,"minecraft:wooden_pickaxe":1,"minecraft:stone_axe":3,"prefab:item_swift_blade_iron":1,"minecraft:air":0,"biomesoplenty:fir_planks":240,"minecraft:oak_boat":1,"minecraft:iron_pickaxe":1,"minecraft:iron_ingot":5,"minecraft:wooden_axe":1,"minecraft:white_bed":1,"minecraft:torch":68},"minecraft:killed":{"midnight_madness:imitator":1,"midnight_madness:fiend":1,"minecraft:spider":5,"minecraft:skeleton":5,"minecraft:horse":4,"midnight_madness:fallen_king":1,"minecraft:pig":3,"mowziesmobs:umvuthana_follower_raptor":4,"minecraft:creeper":4,"minecraft:sheep":9,"minecraft:zombie":13,"mutantmonsters:mutant_zombie":1,"mowziesmobs:umvuthana_raptor":1,"minecraft:cow":10},"minecraft:killed_by":{"minecraft:player":1,"midnight_madness:fiend":1,"mutantmonsters:mutant_skeleton":1},"minecraft:used":{"minecraft:iron_shovel":19,"minecraft:oak_sign":1,"minecraft:white_terracotta":2,"minecraft:torch":15,"minecraft:dirt":9,"minecraft:white_carpet":4,"minecraft:carrot":3,"minecraft:acacia_sapling":1,"wom:agony":76,"minecraft:wooden_axe":17,"wom:ender_blaster":9,"minecraft:lantern":1,"minecraft:smooth_quartz":1,"wom:netherite_staff":10,"minecraft:barrel":4,"minecraft:item_frame":2,"prefab:item_swift_blade_stone":199,"minecraft:furnace":1,"minecraft:oak_sapling":23,"biomesoplenty:fir_trapdoor":2,"tombstone:gift":2,"minecraft:egg":1,"minecraft:potato":7,"minecraft:cooked_beef":18,"minecraft:pumpkin":5,"minecraft:cooked_mutton":6,"minecraft:water_bucket":2,"epicfight:skillbook":5,"wom:herrscher":7,"minecraft:stone_pickaxe":85,"minecraft:wooden_pickaxe":6,"biomesoplenty:fir_planks":4,"biomesoplenty:flowering_oak_sapling":1,"wom:ruine":19,"prefab:item_swift_blade_iron":67,"minecraft:sand":5,"minecraft:crafting_table":7,"minecraft:red_bed":3,"minecraft:white_bed":4,"biomesoplenty:wildflower":5,"tombstone:bag_of_seeds":4,"minecraft:apple":1,"minecraft:bread":26,"minecraft:iron_pickaxe":125,"minecraft:string":4,"minecraft:map":1,"minecraft:stone_axe":193,"mutantmonsters:mutant_zombie_spawn_egg":1,"minecraft:bucket":2,"minecraft:sea_pickle":2,"minecraft:oak_boat":6,"wom:moonless":28},"minecraft:custom":{"minecraft:interact_with_smithing_table":2,"minecraft:mob_kills":85,"minecraft:interact_with_crafting_table":26,"minecraft:open_barrel":11,"minecraft:bell_ring":2,"minecraft:leave_game":5,"minecraft:time_since_death":66432,"minecraft:climb_one_cm":6774,"minecraft:sprint_one_cm":850196,"minecraft:walk_one_cm":672567,"minecraft:drop":23,"minecraft:damage_dealt_absorbed":3248,"minecraft:talked_to_villager":3,"minecraft:play_time":148317,"minecraft:deaths":3,"minecraft:sneak_time":4941,"minecraft:walk_under_water_one_cm":11471,"minecraft:boat_one_cm":104754,"minecraft:jump":3934,"minecraft:walk_on_water_one_cm":16245,"minecraft:total_world_time":148317,"minecraft:interact_with_furnace":10,"minecraft:interact_with_loom":3,"minecraft:sleep_in_bed":8,"minecraft:time_since_rest":15134,"minecraft:damage_taken":2931,"minecraft:damage_dealt":14585,"minecraft:swim_one_cm":55188,"minecraft:fly_one_cm":1663283,"minecraft:player_kills":2,"minecraft:open_chest":57,"minecraft:crouch_one_cm":42016,"tombstone:undead_killed":21,"minecraft:fall_one_cm":106059},"minecraft:picked_up":{"minecraft:crafting_table":6,"minecraft:string":10,"midnight_madness:crown_of_the_fallen_king_helmet":1,"minecraft:red_bed":4,"minecraft:white_carpet":4,"midnight_madness:dark_essence":2,"minecraft:item_frame":2,"minecraft:oak_sign":1,"midnight_madness:dark_soul":2,"minecraft:sea_pickle":2,"biomesoplenty:fir_planks":2,"minecraft:beef":19,"minecraft:oak_boat":6,"minecraft:rose_bush":1,"minecraft:smooth_quartz":1,"biomesoplenty:wildflower":15,"minecraft:egg":1,"minecraft:furnace":2,"midnight_madness:soul":3,"minecraft:stick":122,"minecraft:raw_iron":4,"minecraft:torch":13,"minecraft:acacia_log":29,"minecraft:porkchop":5,"sophisticatedbackpacks:backpack":1,"epicfight:skillbook":2,"tombstone:grave_dust":2,"mutantmonsters:hulk_hammer":1,"minecraft:arrow":6,"minecraft:rotten_flesh":13,"mowziesmobs:umvuthana_mask_bliss":1,"minecraft:white_terracotta":136,"minecraft:mutton":15,"biomesoplenty:pink_cherry_sapling":2,"minecraft:white_wool":7,"minecraft:cobblestone":21,"minecraft:feather":3,"minecraft:cooked_beef":6,"minecraft:brown_wool":2,"minecraft:leather":14,"biomesoplenty:fir_sapling":16,"biomesoplenty:fir_log":60,"minecraft:oak_log":205,"minecraft:dirt":17,"minecraft:lantern":1,"minecraft:leather_boots":1,"minecraft:bone":9,"minecraft:apple":10,"minecraft:wheat_seeds":9,"tombstone:bag_of_seeds":2,"biomesoplenty:cherry_log":37,"minecraft:acacia_sapling":1,"minecraft:pumpkin":5,"minecraft:sand":109,"biomesoplenty:white_cherry_sapling":23,"minecraft:white_bed":3,"minecraft:barrel":4,"minecraft:spider_eye":1,"biomesoplenty:flowering_oak_sapling":1,"mowziesmobs:umvuthana_mask_fear":4,"minecraft:oak_sapling":124,"minecraft:coal":88},"minecraft:dropped":{"minecraft:wheat_seeds":3,"mowziesmobs:umvuthana_mask_fear":2,"minecraft:sand":103,"minecraft:iron_shovel":1,"minecraft:stone_axe":1,"midnight_madness:dark_essence":1,"minecraft:rotten_flesh":7,"biomesoplenty:wildflower":1,"minecraft:oak_sapling":53,"minecraft:spider_eye":1,"minecraft:stone_pickaxe":2}},"DataVersion":3120}