{"stats":{"minecraft:mined":{"minecraft:white_bed":3,"biomesoplenty:desert_grass":1,"biomesoplenty:bush":11,"minecraft:acacia_log":2,"minecraft:spruce_fence":1,"minecraft:grass_block":7,"biomesoplenty:dead_grass":1,"biomesoplenty:dune_grass":1,"minecraft:spawner":3,"minecraft:hay_block":13,"minecraft:furnace":4,"minecraft:iron_ore":4,"minecraft:barrel":4,"minecraft:fire":2,"minecraft:pumpkin":5,"treechop:chopped_log":13,"minecraft:enchanting_table":1,"minecraft:gold_block":2,"minecraft:stone":22,"minecraft:tripwire":4,"minecraft:acacia_leaves":4,"minecraft:red_bed":4,"minecraft:stone_brick_slab":1,"minecraft:crafting_table":9,"minecraft:torch":10,"minecraft:dark_oak_wood":1,"biomesoplenty:fir_planks":2,"minecraft:chest":1,"minecraft:dead_bush":29,"minecraft:tall_grass":4,"minecraft:oak_planks":3,"minecraft:wall_torch":4,"minecraft:white_terracotta":138,"minecraft:yellow_stained_glass_pane":2,"minecraft:grass":36,"minecraft:coal_ore":54,"minecraft:ochre_froglight":26,"minecraft:sand":35,"minecraft:smooth_quartz":8,"minecraft:gravel":1,"minecraft:dirt":3,"minecraft:oak_leaves":25,"minecraft:fern":16},"minecraft:crafted":{"biomesoplenty:fir_trapdoor":2,"minecraft:oak_planks":108,"toolbelt:belt":1,"minecraft:furnace":1,"minecraft:cooked_mutton":6,"minecraft:stone_pickaxe":4,"minecraft:chest":2,"minecraft:wheat":117,"minecraft:cooked_beef":13,"minecraft:cooked_porkchop":25,"minecraft:crafting_table":5,"prefab:item_swift_blade_stone":2,"minecraft:wooden_pickaxe":1,"minecraft:cooked_salmon":12,"minecraft:stone_axe":3,"minecraft:bread":39,"prefab:item_swift_blade_iron":1,"minecraft:air":0,"biomesoplenty:fir_planks":240,"minecraft:oak_boat":1,"justhammers:iron_hammer":1,"minecraft:shield":3,"minecraft:iron_ingot":5,"minecraft:iron_pickaxe":1,"minecraft:wooden_axe":1,"minecraft:gold_ingot":18,"minecraft:white_bed":1,"minecraft:torch":124,"prefab:item_swift_blade_diamond":1},"minecraft:killed":{"midnight_madness:imitator":2,"minecraft:cave_spider":10,"midnight_madness:fiend":3,"minecraft:spider":13,"minecraft:skeleton":18,"minecraft:horse":4,"minecraft:chicken":2,"midnight_madness:fallen_king":2,"minecraft:drowned":1,"minecraft:husk":2,"minecraft:pig":13,"minecraft:zombie_villager":1,"minecraft:wandering_trader":1,"mowziesmobs:umvuthana_follower_raptor":4,"minecraft:creeper":4,"minecraft:sheep":9,"minecraft:trader_llama":2,"minecraft:pillager":6,"minecraft:zombie":19,"mutantmonsters:mutant_zombie":1,"mowziesmobs:umvuthana_raptor":1,"minecraft:cow":10},"minecraft:killed_by":{"minecraft:player":3,"minecraft:wither_skeleton":1,"midnight_madness:fiend":1,"midnight_madness:fallen_king":1,"mutantmonsters:mutant_skeleton":1,"midnight_madness:reaper":1,"minecraft:zombie":1,"takesapillage:clay_golem":1},"minecraft:used":{"minecraft:iron_shovel":33,"minecraft:spruce_slab":1,"minecraft:oak_sign":1,"minecraft:shield":21,"minecraft:white_terracotta":5,"minecraft:torch":46,"minecraft:dirt":9,"minecraft:white_carpet":4,"minecraft:carrot":3,"minecraft:acacia_sapling":1,"minecraft:wooden_axe":17,"wom:agony":76,"wom:ender_blaster":9,"wom:diamond_armbracelet":1,"minecraft:birch_sapling":2,"minecraft:lantern":1,"minecraft:iron_helmet":1,"minecraft:smooth_quartz":1,"wom:netherite_staff":10,"minecraft:barrel":4,"minecraft:item_frame":3,"prefab:item_swift_blade_stone":199,"minecraft:oak_sapling":24,"minecraft:furnace":3,"biomesoplenty:fir_trapdoor":2,"tombstone:gift":4,"minecraft:egg":1,"minecraft:potato":7,"minecraft:cooked_beef":19,"minecraft:pumpkin":5,"minecraft:cooked_mutton":6,"minecraft:water_bucket":16,"epicfight:skillbook":18,"wom:herrscher":7,"minecraft:stone_pickaxe":85,"minecraft:gray_carpet":1,"minecraft:oak_planks":4,"minecraft:wooden_pickaxe":6,"biomesoplenty:fir_planks":34,"wom:ruine":19,"biomesoplenty:flowering_oak_sapling":1,"prefab:item_swift_blade_diamond":185,"prefab:item_swift_blade_iron":251,"minecraft:sand":11,"minecraft:crafting_table":12,"minecraft:red_bed":3,"minecraft:white_bed":4,"justhammers:iron_hammer":2,"biomesoplenty:wildflower":5,"tombstone:bag_of_seeds":6,"minecraft:apple":1,"minecraft:iron_pickaxe":151,"minecraft:bread":65,"minecraft:map":2,"minecraft:string":4,"minecraft:stone_axe":205,"minecraft:diamond_sword":12,"mutantmonsters:mutant_zombie_spawn_egg":1,"minecraft:white_banner":1,"minecraft:cooked_porkchop":9,"minecraft:bucket":16,"minecraft:sea_pickle":2,"wom:moonless":28,"minecraft:oak_boat":7,"minecraft:experience_bottle":1},"minecraft:custom":{"minecraft:interact_with_smithing_table":2,"minecraft:mob_kills":159,"minecraft:interact_with_crafting_table":39,"minecraft:open_barrel":48,"minecraft:bell_ring":2,"minecraft:damage_dealt_resisted":588,"minecraft:leave_game":9,"minecraft:time_since_death":5391,"minecraft:climb_one_cm":8763,"minecraft:damage_resisted":2811,"minecraft:sprint_one_cm":1313045,"minecraft:walk_one_cm":1141838,"minecraft:damage_blocked_by_shield":683,"minecraft:drop":61,"minecraft:damage_dealt_absorbed":4770,"minecraft:talked_to_villager":4,"minecraft:play_time":262989,"minecraft:deaths":10,"minecraft:sneak_time":9440,"minecraft:walk_under_water_one_cm":35797,"minecraft:boat_one_cm":584306,"minecraft:jump":6481,"minecraft:walk_on_water_one_cm":43385,"minecraft:total_world_time":262989,"minecraft:interact_with_furnace":29,"tombstone:raider_killed":6,"minecraft:interact_with_loom":3,"minecraft:raid_trigger":1,"minecraft:sleep_in_bed":8,"minecraft:time_since_rest":5213,"minecraft:damage_taken":7223,"minecraft:damage_dealt":30409,"minecraft:player_kills":4,"minecraft:swim_one_cm":136831,"minecraft:fly_one_cm":2561816,"minecraft:open_chest":94,"minecraft:crouch_one_cm":76128,"tombstone:undead_killed":47,"tombstone:villager_killed":1,"minecraft:fall_one_cm":180080,"minecraft:horse_one_cm":208875},"minecraft:broken":{"prefab:item_swift_blade_iron":1,"minecraft:leather_chestplate":1,"minecraft:golden_leggings":1},"minecraft:picked_up":{"minecraft:crafting_table":9,"minecraft:lead":6,"minecraft:diamond_sword":3,"minecraft:gold_block":2,"minecraft:diamond_horse_armor":1,"minecraft:shield":2,"midnight_madness:crown_of_the_fallen_king_helmet":1,"minecraft:string":34,"minecraft:red_bed":5,"minecraft:cooked_salmon":2,"midnight_madness:dark_essence":3,"minecraft:item_frame":4,"minecraft:white_carpet":4,"minecraft:cyan_carpet":1,"minecraft:oak_sign":1,"midnight_madness:dark_soul":6,"minecraft:sea_pickle":2,"biomesoplenty:fir_planks":179,"minecraft:beef":19,"minecraft:oak_boat":7,"minecraft:rose_bush":1,"minecraft:smooth_quartz":7,"toolbelt:belt":1,"minecraft:iron_pickaxe":1,"minecraft:spruce_slab":1,"biomesoplenty:wildflower":15,"minecraft:birch_sapling":2,"minecraft:chest":1,"minecraft:iron_boots":1,"minecraft:furnace":4,"midnight_madness:soul":8,"minecraft:egg":1,"minecraft:golden_helmet":1,"minecraft:stick":122,"minecraft:raw_iron":8,"minecraft:torch":15,"minecraft:acacia_log":31,"wom:diamond_armbracelet":1,"sophisticatedbackpacks:backpack":1,"epicfight:skillbook":5,"minecraft:porkchop":31,"minecraft:stone_button":1,"tombstone:grave_dust":6,"mutantmonsters:hulk_hammer":1,"minecraft:arrow":17,"minecraft:rotten_flesh":34,"prefab:item_swift_blade_diamond":2,"minecraft:diamond_boots":1,"minecraft:hay_block":13,"minecraft:saddle":1,"mowziesmobs:umvuthana_mask_bliss":1,"sophisticatedbackpacks:copper_backpack":1,"minecraft:white_terracotta":136,"biomesoplenty:pink_cherry_sapling":2,"minecraft:mutton":15,"minecraft:white_wool":7,"minecraft:cobblestone":28,"minecraft:enchanting_table":1,"minecraft:feather":5,"minecraft:cooked_beef":6,"minecraft:water_bucket":1,"minecraft:brown_wool":2,"minecraft:leather":18,"minecraft:ochre_froglight":26,"biomesoplenty:fir_sapling":16,"biomesoplenty:fir_log":60,"minecraft:oak_log":205,"minecraft:chainmail_chestplate":1,"minecraft:map":1,"minecraft:dirt":19,"minecraft:paper":11,"minecraft:lantern":2,"minecraft:white_banner":1,"minecraft:leather_boots":1,"minecraft:bone":21,"minecraft:apple":19,"minecraft:gray_carpet":1,"minecraft:wheat_seeds":14,"minecraft:iron_ingot":5,"tombstone:bag_of_seeds":3,"wom:diamond_legbottomseal":3,"minecraft:acacia_sapling":1,"minecraft:oak_planks":7,"biomesoplenty:cherry_log":37,"wom:agony":1,"minecraft:cooked_porkchop":7,"minecraft:pumpkin":5,"midnight_madness:broken_sword":1,"minecraft:sand":126,"biomesoplenty:white_cherry_sapling":23,"minecraft:white_bed":3,"minecraft:spider_eye":6,"minecraft:barrel":4,"biomesoplenty:flowering_oak_sapling":1,"wom:diamond_legtopseal":1,"minecraft:diamond":23,"minecraft:stone_axe":2,"minecraft:chainmail_leggings":1,"minecraft:iron_helmet":1,"minecraft:crossbow":1,"minecraft:chainmail_helmet":1,"minecraft:bread":20,"mowziesmobs:umvuthana_mask_fear":4,"minecraft:oak_sapling":125,"minecraft:dark_oak_wood":1,"minecraft:coal":104},"minecraft:dropped":{"minecraft:porkchop":3,"minecraft:wheat_seeds":5,"minecraft:golden_helmet":1,"wom:diamond_armbracelet":1,"wom:diamond_legbottomseal":2,"minecraft:diamond":12,"minecraft:cooked_porkchop":2,"minecraft:crossbow":1,"minecraft:iron_helmet":2,"mowziesmobs:umvuthana_mask_fear":2,"minecraft:apple":18,"minecraft:chainmail_helmet":1,"minecraft:item_frame":1,"prefab:item_swift_blade_stone":1,"prefab:item_swift_blade_diamond":1,"minecraft:smooth_quartz":3,"minecraft:sand":114,"minecraft:iron_shovel":1,"minecraft:bone":1,"minecraft:stone_axe":2,"wom:agony":1,"midnight_madness:dark_essence":1,"minecraft:rotten_flesh":9,"minecraft:oak_planks":3,"wom:diamond_legtopseal":1,"minecraft:diamond_sword":1,"minecraft:shield":2,"biomesoplenty:wildflower":1,"minecraft:oak_sapling":53,"midnight_madness:broken_sword":1,"minecraft:spider_eye":4,"minecraft:diamond_boots":1,"minecraft:arrow":2,"minecraft:stone_pickaxe":3,"epicfight:skillbook":1}},"DataVersion":3120}