{"stats":{"minecraft:mined":{"minecraft:white_bed":3,"minecraft:red_bed":1,"biomesoplenty:desert_grass":1,"minecraft:crafting_table":3,"minecraft:grass_block":1,"minecraft:dead_bush":27,"biomesoplenty:dead_grass":1,"minecraft:barrel":4,"minecraft:fire":1,"minecraft:pumpkin":5,"treechop:chopped_log":6,"minecraft:grass":10,"minecraft:coal_ore":6,"minecraft:smooth_quartz":2,"minecraft:stone":7,"minecraft:tripwire":4},"minecraft:crafted":{"minecraft:cooked_beef":13,"toolbelt:belt":1,"minecraft:oak_planks":108,"minecraft:cooked_porkchop":2,"minecraft:crafting_table":1,"prefab:item_swift_blade_stone":1,"minecraft:wooden_pickaxe":1,"minecraft:stone_axe":2,"minecraft:cooked_mutton":6,"minecraft:air":0,"biomesoplenty:fir_planks":240,"minecraft:oak_boat":1,"minecraft:chest":1,"minecraft:iron_ingot":1,"minecraft:stone_pickaxe":4,"minecraft:wooden_axe":1,"minecraft:white_bed":1},"minecraft:killed":{"minecraft:pig":3,"midnight_madness:fiend":1,"minecraft:spider":5,"mowziesmobs:umvuthana_follower_raptor":4,"minecraft:creeper":1,"minecraft:horse":4,"minecraft:sheep":6,"minecraft:skeleton":5,"minecraft:zombie":8,"midnight_madness:fallen_king":1,"mutantmonsters:mutant_zombie":1,"mowziesmobs:umvuthana_raptor":1,"minecraft:cow":10},"minecraft:killed_by":{"minecraft:player":1,"mutantmonsters:mutant_skeleton":1,"midnight_madness:fiend":1},"minecraft:used":{"minecraft:cooked_mutton":6,"epicfight:skillbook":4,"wom:herrscher":7,"minecraft:stone_pickaxe":9,"minecraft:oak_sign":1,"minecraft:wooden_pickaxe":6,"biomesoplenty:fir_planks":2,"biomesoplenty:flowering_oak_sapling":1,"wom:ruine":19,"minecraft:dirt":1,"minecraft:white_carpet":4,"minecraft:crafting_table":3,"minecraft:carrot":3,"minecraft:white_bed":4,"minecraft:acacia_sapling":1,"biomesoplenty:wildflower":5,"wom:agony":76,"tombstone:bag_of_seeds":4,"wom:ender_blaster":9,"minecraft:wooden_axe":17,"minecraft:apple":1,"minecraft:lantern":1,"minecraft:string":4,"minecraft:bread":26,"minecraft:barrel":4,"minecraft:smooth_quartz":1,"wom:netherite_staff":10,"mutantmonsters:mutant_zombie_spawn_egg":1,"minecraft:item_frame":2,"minecraft:stone_axe":92,"prefab:item_swift_blade_stone":183,"minecraft:cooked_beef":1,"tombstone:gift":2,"minecraft:sea_pickle":2,"minecraft:oak_boat":5,"wom:moonless":28,"minecraft:potato":7,"minecraft:pumpkin":5},"minecraft:custom":{"minecraft:interact_with_furnace":7,"minecraft:mob_kills":72,"minecraft:interact_with_crafting_table":19,"minecraft:open_barrel":11,"minecraft:interact_with_loom":3,"minecraft:leave_game":3,"minecraft:time_since_death":4868,"minecraft:sleep_in_bed":5,"minecraft:climb_one_cm":5518,"minecraft:time_since_rest":2181,"minecraft:sprint_one_cm":461178,"minecraft:damage_taken":2158,"minecraft:walk_one_cm":409305,"minecraft:drop":13,"minecraft:damage_dealt":11501,"minecraft:player_kills":1,"minecraft:damage_dealt_absorbed":3150,"minecraft:swim_one_cm":23398,"minecraft:fly_one_cm":897751,"minecraft:open_chest":33,"minecraft:crouch_one_cm":15199,"minecraft:play_time":86753,"tombstone:undead_killed":16,"minecraft:deaths":3,"minecraft:sneak_time":1956,"minecraft:walk_under_water_one_cm":6122,"minecraft:boat_one_cm":99033,"minecraft:jump":1994,"minecraft:walk_on_water_one_cm":7052,"minecraft:total_world_time":86753,"minecraft:fall_one_cm":51792},"minecraft:picked_up":{"minecraft:crafting_table":3,"minecraft:feather":3,"minecraft:brown_wool":2,"minecraft:leather":14,"biomesoplenty:fir_sapling":16,"biomesoplenty:fir_log":60,"minecraft:oak_log":41,"minecraft:dirt":1,"midnight_madness:crown_of_the_fallen_king_helmet":1,"minecraft:string":10,"minecraft:red_bed":1,"minecraft:lantern":1,"midnight_madness:dark_essence":1,"minecraft:item_frame":2,"minecraft:white_carpet":4,"minecraft:bone":7,"minecraft:oak_sign":1,"minecraft:sea_pickle":2,"minecraft:apple":1,"midnight_madness:dark_soul":2,"minecraft:wheat_seeds":6,"minecraft:beef":19,"minecraft:oak_boat":5,"tombstone:bag_of_seeds":2,"minecraft:smooth_quartz":1,"biomesoplenty:wildflower":15,"biomesoplenty:cherry_log":37,"minecraft:acacia_sapling":1,"midnight_madness:soul":3,"minecraft:stick":57,"minecraft:pumpkin":5,"minecraft:acacia_log":29,"sophisticatedbackpacks:backpack":1,"epicfight:skillbook":1,"minecraft:porkchop":5,"biomesoplenty:white_cherry_sapling":23,"minecraft:barrel":4,"tombstone:grave_dust":2,"minecraft:white_bed":3,"minecraft:spider_eye":1,"biomesoplenty:flowering_oak_sapling":1,"mutantmonsters:hulk_hammer":1,"minecraft:arrow":6,"minecraft:rotten_flesh":8,"mowziesmobs:umvuthana_mask_bliss":1,"mowziesmobs:umvuthana_mask_fear":4,"minecraft:oak_sapling":25,"biomesoplenty:pink_cherry_sapling":2,"minecraft:mutton":11,"minecraft:coal":6,"minecraft:white_wool":4,"minecraft:cobblestone":7},"minecraft:dropped":{"minecraft:stone_axe":1,"minecraft:wheat_seeds":2,"mowziesmobs:umvuthana_mask_fear":2,"minecraft:rotten_flesh":5,"biomesoplenty:wildflower":1,"minecraft:oak_sapling":3,"minecraft:spider_eye":1,"minecraft:stone_pickaxe":2}},"DataVersion":3120}