{"stats":{"minecraft:mined":{"minecraft:white_bed":3,"biomesoplenty:desert_grass":1,"biomesoplenty:bush":11,"minecraft:grass_block":3,"biomesoplenty:dead_grass":1,"minecraft:furnace":2,"minecraft:iron_ore":4,"minecraft:barrel":4,"minecraft:fire":1,"treechop:chopped_log":11,"minecraft:pumpkin":5,"minecraft:stone":15,"minecraft:tripwire":4,"minecraft:red_bed":3,"minecraft:crafting_table":6,"biomesoplenty:fir_planks":2,"minecraft:dead_bush":27,"minecraft:tall_grass":1,"minecraft:white_terracotta":1,"minecraft:grass":23,"minecraft:coal_ore":49,"minecraft:dirt":1,"minecraft:smooth_quartz":2,"minecraft:oak_leaves":19},"minecraft:crafted":{"minecraft:oak_planks":108,"toolbelt:belt":1,"minecraft:cooked_mutton":6,"minecraft:stone_pickaxe":4,"minecraft:chest":2,"minecraft:cooked_beef":13,"minecraft:cooked_porkchop":2,"minecraft:crafting_table":2,"prefab:item_swift_blade_stone":1,"minecraft:wooden_pickaxe":1,"minecraft:stone_axe":3,"prefab:item_swift_blade_iron":1,"minecraft:air":0,"biomesoplenty:fir_planks":240,"minecraft:oak_boat":1,"minecraft:iron_pickaxe":1,"minecraft:iron_ingot":5,"minecraft:wooden_axe":1,"minecraft:white_bed":1,"minecraft:torch":68},"minecraft:killed":{"midnight_madness:fiend":1,"minecraft:spider":5,"minecraft:skeleton":5,"minecraft:horse":4,"midnight_madness:fallen_king":1,"minecraft:pig":3,"mowziesmobs:umvuthana_follower_raptor":4,"minecraft:creeper":2,"minecraft:sheep":9,"minecraft:zombie":11,"mutantmonsters:mutant_zombie":1,"mowziesmobs:umvuthana_raptor":1,"minecraft:cow":10},"minecraft:killed_by":{"minecraft:player":1,"midnight_madness:fiend":1,"mutantmonsters:mutant_skeleton":1},"minecraft:used":{"minecraft:oak_sign":1,"minecraft:white_terracotta":1,"minecraft:torch":1,"minecraft:dirt":4,"minecraft:white_carpet":4,"minecraft:carrot":3,"minecraft:acacia_sapling":1,"wom:agony":76,"wom:ender_blaster":9,"minecraft:wooden_axe":17,"minecraft:lantern":1,"minecraft:smooth_quartz":1,"wom:netherite_staff":10,"minecraft:barrel":4,"minecraft:item_frame":2,"prefab:item_swift_blade_stone":199,"minecraft:furnace":1,"minecraft:oak_sapling":15,"tombstone:gift":2,"minecraft:egg":1,"minecraft:cooked_beef":12,"minecraft:potato":7,"minecraft:pumpkin":5,"minecraft:cooked_mutton":6,"minecraft:water_bucket":1,"epicfight:skillbook":4,"wom:herrscher":7,"minecraft:stone_pickaxe":46,"minecraft:wooden_pickaxe":6,"biomesoplenty:fir_planks":4,"biomesoplenty:flowering_oak_sapling":1,"wom:ruine":19,"prefab:item_swift_blade_iron":18,"minecraft:crafting_table":6,"minecraft:red_bed":2,"minecraft:white_bed":4,"biomesoplenty:wildflower":5,"tombstone:bag_of_seeds":4,"minecraft:apple":1,"minecraft:bread":26,"minecraft:string":4,"minecraft:iron_pickaxe":22,"minecraft:map":1,"minecraft:stone_axe":166,"mutantmonsters:mutant_zombie_spawn_egg":1,"minecraft:bucket":1,"minecraft:oak_boat":6,"minecraft:sea_pickle":2,"wom:moonless":28},"minecraft:custom":{"minecraft:interact_with_smithing_table":2,"minecraft:mob_kills":80,"minecraft:interact_with_crafting_table":25,"minecraft:open_barrel":11,"minecraft:bell_ring":2,"minecraft:leave_game":4,"minecraft:time_since_death":43466,"minecraft:climb_one_cm":6774,"minecraft:sprint_one_cm":739456,"minecraft:walk_one_cm":573847,"minecraft:drop":16,"minecraft:damage_dealt_absorbed":3248,"minecraft:talked_to_villager":3,"minecraft:play_time":125351,"minecraft:deaths":3,"minecraft:sneak_time":3557,"minecraft:walk_under_water_one_cm":11471,"minecraft:boat_one_cm":104754,"minecraft:jump":3353,"minecraft:walk_on_water_one_cm":16245,"minecraft:total_world_time":125351,"minecraft:interact_with_furnace":10,"minecraft:interact_with_loom":3,"minecraft:sleep_in_bed":7,"minecraft:time_since_rest":24129,"minecraft:damage_taken":2556,"minecraft:damage_dealt":12656,"minecraft:swim_one_cm":55188,"minecraft:fly_one_cm":1463380,"minecraft:player_kills":1,"minecraft:open_chest":57,"minecraft:crouch_one_cm":26663,"tombstone:undead_killed":19,"minecraft:fall_one_cm":94464},"minecraft:picked_up":{"minecraft:crafting_table":6,"minecraft:string":10,"midnight_madness:crown_of_the_fallen_king_helmet":1,"minecraft:red_bed":3,"midnight_madness:dark_essence":1,"minecraft:item_frame":2,"minecraft:white_carpet":4,"minecraft:oak_sign":1,"midnight_madness:dark_soul":2,"minecraft:sea_pickle":2,"biomesoplenty:fir_planks":2,"minecraft:beef":19,"minecraft:oak_boat":6,"minecraft:rose_bush":1,"minecraft:smooth_quartz":1,"biomesoplenty:wildflower":15,"midnight_madness:soul":3,"minecraft:egg":1,"minecraft:furnace":2,"minecraft:stick":103,"minecraft:raw_iron":4,"minecraft:acacia_log":29,"minecraft:porkchop":5,"sophisticatedbackpacks:backpack":1,"epicfight:skillbook":2,"tombstone:grave_dust":2,"mutantmonsters:hulk_hammer":1,"minecraft:arrow":6,"minecraft:rotten_flesh":9,"mowziesmobs:umvuthana_mask_bliss":1,"minecraft:white_terracotta":1,"minecraft:mutton":15,"biomesoplenty:pink_cherry_sapling":2,"minecraft:white_wool":7,"minecraft:cobblestone":15,"minecraft:feather":3,"minecraft:cooked_beef":6,"minecraft:brown_wool":2,"minecraft:leather":14,"biomesoplenty:fir_sapling":16,"biomesoplenty:fir_log":60,"minecraft:oak_log":158,"minecraft:dirt":4,"minecraft:lantern":1,"minecraft:leather_boots":1,"minecraft:bone":7,"minecraft:apple":8,"minecraft:wheat_seeds":8,"tombstone:bag_of_seeds":2,"biomesoplenty:cherry_log":37,"minecraft:acacia_sapling":1,"minecraft:pumpkin":5,"biomesoplenty:white_cherry_sapling":23,"minecraft:white_bed":3,"minecraft:barrel":4,"minecraft:spider_eye":1,"biomesoplenty:flowering_oak_sapling":1,"mowziesmobs:umvuthana_mask_fear":4,"minecraft:oak_sapling":90,"minecraft:coal":88},"minecraft:dropped":{"minecraft:wheat_seeds":2,"mowziesmobs:umvuthana_mask_fear":2,"minecraft:stone_axe":1,"minecraft:rotten_flesh":5,"biomesoplenty:wildflower":1,"minecraft:oak_sapling":53,"minecraft:spider_eye":1,"minecraft:stone_pickaxe":2}},"DataVersion":3120}