{"stats":{"minecraft:mined":{"minecraft:spruce_planks":5,"minecraft:dark_oak_wood":2,"minecraft:bookshelf":11,"minecraft:spruce_fence":1,"minecraft:dead_bush":16,"minecraft:cyan_carpet":3,"minecraft:smooth_quartz":4,"minecraft:sand":2,"minecraft:dirt":18,"minecraft:cobblestone":14,"minecraft:spawner":1},"minecraft:killed":{"minecraft:cave_spider":4,"minecraft:wither_skeleton":9},"minecraft:killed_by":{"minecraft:player":1},"minecraft:used":{"minecraft:leather_leggings":1,"minecraft:bread":8,"minecraft:stone_pickaxe":25,"minecraft:leather_helmet":1,"minecraft:leather_chestplate":1,"minecraft:leather_boots":1,"minecraft:stone_axe":20,"minecraft:torch":3,"minecraft:diamond_sword":67,"minecraft:dirt":66,"minecraft:cobblestone":36,"tombstone:gift":2,"minecraft:experience_bottle":13},"minecraft:custom":{"minecraft:time_since_rest":28869,"minecraft:sprint_one_cm":71718,"minecraft:damage_taken":770,"minecraft:walk_one_cm":157191,"minecraft:mob_kills":13,"minecraft:drop":9,"minecraft:damage_dealt":3448,"minecraft:fly_one_cm":96670,"minecraft:open_barrel":10,"minecraft:open_chest":11,"minecraft:crouch_one_cm":10652,"minecraft:play_time":34342,"tombstone:undead_killed":9,"minecraft:deaths":1,"minecraft:sneak_time":3405,"minecraft:damage_dealt_resisted":965,"minecraft:jump":459,"minecraft:leave_game":2,"minecraft:time_since_death":29658,"minecraft:climb_one_cm":1194,"minecraft:total_world_time":34342,"minecraft:fall_one_cm":11099},"minecraft:picked_up":{"minecraft:book":33,"minecraft:stick":20,"minecraft:diamond_sword":1,"minecraft:sand":1,"midnight_madness:broken_sword":1,"minecraft:shield":1,"minecraft:string":4,"minecraft:spider_eye":2,"minecraft:dirt":15,"minecraft:arrow":1,"midnight_madness:strange_note":1,"prefab:item_swift_blade_stone":1,"minecraft:smooth_quartz":3,"minecraft:dark_oak_wood":2,"minecraft:coal":1,"midnight_madness:soul":1,"minecraft:cobblestone":13},"minecraft:dropped":{"minecraft:diamond_sword":1,"minecraft:bread":5,"prefab:item_swift_blade_stone":2,"minecraft:leather_chestplate":1,"minecraft:leather_boots":1,"tombstone:grave_dust":1,"minecraft:leather_leggings":1,"minecraft:coal":1}},"DataVersion":3120}