{"stats":{"minecraft:mined":{"minecraft:dark_oak_planks":2,"minecraft:spruce_planks":13,"minecraft:cobblestone_stairs":1,"minecraft:dark_oak_wood":2,"minecraft:spruce_fence":3,"minecraft:dead_bush":16,"minecraft:stone_slab":1,"minecraft:cobblestone":16,"minecraft:birch_wood":7,"minecraft:spawner":2,"minecraft:spruce_stairs":3,"minecraft:furnace":1,"minecraft:enchanting_table":1,"minecraft:bookshelf":20,"minecraft:dirt":18,"minecraft:cyan_carpet":8,"minecraft:sand":2,"minecraft:smooth_quartz":4},"minecraft:crafted":{"minecraft:crafting_table":1,"minecraft:birch_planks":28,"minecraft:diamond_pickaxe":1,"minecraft:torch":12},"minecraft:killed":{"minecraft:cave_spider":10,"minecraft:spider":8,"minecraft:creeper":1,"mutantmonsters:creeper_minion":1,"minecraft:zombie":2,"minecraft:wither_skeleton":23},"minecraft:killed_by":{"minecraft:player":1},"minecraft:used":{"minecraft:leather_leggings":1,"minecraft:birch_planks":4,"minecraft:stone_pickaxe":30,"minecraft:leather_chestplate":1,"minecraft:shield":3,"minecraft:leather_boots":1,"minecraft:torch":23,"minecraft:dirt":66,"minecraft:crafting_table":1,"minecraft:diamond_pickaxe":2,"minecraft:bread":9,"minecraft:leather_helmet":1,"minecraft:stone_axe":51,"minecraft:diamond_sword":238,"minecraft:cobblestone":58,"minecraft:golden_carrot":14,"tombstone:gift":2,"minecraft:experience_bottle":13},"minecraft:custom":{"minecraft:mob_kills":42,"minecraft:interact_with_crafting_table":1,"minecraft:open_barrel":10,"minecraft:damage_dealt_resisted":2234,"minecraft:leave_game":2,"minecraft:time_since_death":53658,"minecraft:climb_one_cm":1194,"minecraft:time_since_rest":52869,"minecraft:sprint_one_cm":215167,"minecraft:damage_taken":2160,"minecraft:walk_one_cm":346654,"minecraft:damage_blocked_by_shield":174,"minecraft:drop":18,"minecraft:damage_dealt":13748,"minecraft:fly_one_cm":181099,"minecraft:open_chest":32,"minecraft:crouch_one_cm":16737,"minecraft:play_time":58342,"tombstone:undead_killed":25,"minecraft:deaths":1,"minecraft:sneak_time":5278,"minecraft:walk_under_water_one_cm":845,"minecraft:jump":776,"minecraft:walk_on_water_one_cm":2286,"minecraft:total_world_time":58342,"minecraft:fall_one_cm":16109},"minecraft:broken":{"minecraft:leather_helmet":1},"minecraft:picked_up":{"minecraft:enchanting_table":1,"minecraft:diamond_sword":2,"minecraft:shield":1,"minecraft:cornflower":1,"minecraft:dirt":15,"minecraft:string":26,"minecraft:bone":11,"minecraft:cyan_carpet":4,"minecraft:birch_wood":7,"minecraft:redstone_torch":1,"minecraft:smooth_quartz":3,"midnight_madness:soul":1,"minecraft:book":60,"minecraft:stick":20,"midnight_madness:broken_sword":1,"minecraft:sand":1,"tombstone:grave_dust":1,"minecraft:spider_eye":7,"minecraft:arrow":1,"midnight_madness:strange_note":1,"prefab:item_swift_blade_stone":1,"minecraft:dark_oak_wood":2,"minecraft:coal":4,"minecraft:cobblestone":15},"minecraft:dropped":{"minecraft:enchanted_book":1,"minecraft:bread":5,"minecraft:diamond":2,"minecraft:diamond_leggings":1,"minecraft:coal":1,"minecraft:diamond_sword":2,"minecraft:leather_chestplate":1,"prefab:item_swift_blade_stone":2,"minecraft:cornflower":1,"minecraft:leather_boots":1,"tombstone:grave_dust":2,"minecraft:leather_leggings":1,"minecraft:redstone_torch":1,"minecraft:string":4}},"DataVersion":3120}