{"stats":{"minecraft:mined":{"minecraft:dead_bush":16,"minecraft:sand":2,"minecraft:dirt":4},"minecraft:killed_by":{"minecraft:player":1},"minecraft:used":{"minecraft:leather_leggings":1,"minecraft:bread":2,"tombstone:gift":2,"minecraft:leather_helmet":1,"minecraft:leather_chestplate":1,"minecraft:leather_boots":1},"minecraft:custom":{"minecraft:open_barrel":10,"minecraft:time_since_rest":7296,"minecraft:crouch_one_cm":1363,"minecraft:sprint_one_cm":31589,"minecraft:play_time":12769,"minecraft:walk_one_cm":68953,"minecraft:damage_taken":463,"minecraft:deaths":1,"minecraft:sneak_time":169,"minecraft:drop":2,"minecraft:jump":147,"minecraft:damage_dealt":35,"minecraft:leave_game":1,"minecraft:time_since_death":8085,"minecraft:total_world_time":12769,"minecraft:climb_one_cm":1194,"minecraft:fall_one_cm":3371,"minecraft:fly_one_cm":34008},"minecraft:picked_up":{"minecraft:stick":20,"minecraft:arrow":1,"midnight_madness:strange_note":1,"prefab:item_swift_blade_stone":1,"minecraft:sand":1,"midnight_madness:broken_sword":1,"minecraft:shield":1,"minecraft:dirt":2},"minecraft:dropped":{"minecraft:bread":5,"prefab:item_swift_blade_stone":1}},"DataVersion":3120}