{"stats":{"minecraft:mined":{"minecraft:dark_oak_planks":2,"minecraft:spruce_stairs":3,"minecraft:spruce_planks":8,"minecraft:furnace":1,"minecraft:cobblestone_stairs":1,"minecraft:dark_oak_wood":2,"minecraft:bookshelf":20,"minecraft:spruce_fence":2,"minecraft:dead_bush":16,"minecraft:cyan_carpet":4,"minecraft:smooth_quartz":4,"minecraft:sand":2,"minecraft:dirt":18,"minecraft:stone_slab":1,"minecraft:cobblestone":16,"minecraft:birch_wood":7,"minecraft:spawner":1},"minecraft:crafted":{"minecraft:birch_planks":24},"minecraft:killed":{"minecraft:cave_spider":5,"minecraft:zombie":2,"minecraft:spider":3,"minecraft:wither_skeleton":15,"minecraft:creeper":1},"minecraft:killed_by":{"minecraft:player":1},"minecraft:used":{"minecraft:leather_leggings":1,"minecraft:bread":9,"minecraft:stone_pickaxe":30,"minecraft:shield":3,"minecraft:leather_helmet":1,"minecraft:leather_chestplate":1,"minecraft:leather_boots":1,"minecraft:stone_axe":45,"minecraft:torch":12,"minecraft:diamond_sword":123,"minecraft:golden_carrot":2,"minecraft:dirt":66,"minecraft:cobblestone":58,"tombstone:gift":2,"minecraft:experience_bottle":13},"minecraft:custom":{"minecraft:time_since_rest":40869,"minecraft:sprint_one_cm":116717,"minecraft:damage_taken":1050,"minecraft:walk_one_cm":248446,"minecraft:damage_blocked_by_shield":174,"minecraft:mob_kills":24,"minecraft:drop":11,"minecraft:damage_dealt":6884,"minecraft:fly_one_cm":125577,"minecraft:open_barrel":10,"minecraft:open_chest":21,"minecraft:crouch_one_cm":13973,"minecraft:play_time":46342,"tombstone:undead_killed":17,"minecraft:deaths":1,"minecraft:sneak_time":4908,"minecraft:damage_dealt_resisted":1378,"minecraft:jump":635,"minecraft:leave_game":2,"minecraft:time_since_death":41658,"minecraft:climb_one_cm":1194,"minecraft:total_world_time":46342,"minecraft:fall_one_cm":12696},"minecraft:picked_up":{"minecraft:book":60,"minecraft:stick":20,"minecraft:diamond_sword":1,"minecraft:sand":1,"midnight_madness:broken_sword":1,"minecraft:shield":1,"minecraft:string":4,"minecraft:spider_eye":2,"minecraft:dirt":15,"minecraft:arrow":1,"midnight_madness:strange_note":1,"minecraft:birch_wood":6,"prefab:item_swift_blade_stone":1,"minecraft:redstone_torch":1,"minecraft:smooth_quartz":3,"minecraft:dark_oak_wood":2,"minecraft:coal":4,"midnight_madness:soul":1,"minecraft:cobblestone":15},"minecraft:dropped":{"minecraft:diamond_sword":1,"minecraft:bread":5,"prefab:item_swift_blade_stone":2,"minecraft:leather_chestplate":1,"minecraft:leather_boots":1,"minecraft:diamond_leggings":1,"tombstone:grave_dust":1,"minecraft:leather_leggings":1,"minecraft:redstone_torch":1,"minecraft:coal":1}},"DataVersion":3120}