{"stats":{"minecraft:mined":{"minecraft:dark_oak_planks":2,"minecraft:spruce_planks":18,"minecraft:cobblestone_stairs":1,"minecraft:obsidian":6,"minecraft:dark_oak_wood":2,"minecraft:spruce_fence":3,"minecraft:dead_bush":16,"minecraft:stone_slab":1,"minecraft:cobblestone":16,"minecraft:birch_wood":7,"minecraft:spawner":3,"minecraft:spruce_stairs":3,"minecraft:furnace":1,"minecraft:gold_block":9,"minecraft:enchanting_table":2,"minecraft:bookshelf":20,"minecraft:dirt":18,"minecraft:cyan_carpet":12,"minecraft:sand":2,"minecraft:smooth_quartz":8},"minecraft:crafted":{"minecraft:crafting_table":1,"minecraft:birch_planks":28,"minecraft:diamond_pickaxe":1,"minecraft:torch":56},"minecraft:killed":{"minecraft:cave_spider":17,"minecraft:spider":10,"minecraft:creeper":1,"mutantmonsters:creeper_minion":1,"minecraft:zombie":2,"minecraft:wither_skeleton":54},"minecraft:killed_by":{"minecraft:player":1},"minecraft:used":{"minecraft:leather_leggings":1,"minecraft:birch_planks":4,"minecraft:stone_pickaxe":30,"minecraft:leather_chestplate":1,"minecraft:shield":3,"minecraft:leather_boots":1,"minecraft:torch":47,"minecraft:dirt":66,"minecraft:crafting_table":1,"minecraft:diamond_pickaxe":24,"minecraft:bread":11,"minecraft:leather_helmet":1,"minecraft:stone_axe":58,"minecraft:diamond_sword":416,"minecraft:cobblestone":58,"minecraft:golden_carrot":19,"tombstone:gift":2,"minecraft:experience_bottle":13},"minecraft:custom":{"minecraft:mob_kills":74,"minecraft:interact_with_crafting_table":1,"minecraft:open_barrel":10,"minecraft:damage_dealt_resisted":5062,"minecraft:leave_game":2,"minecraft:time_since_death":65658,"minecraft:climb_one_cm":2586,"minecraft:time_since_rest":64869,"minecraft:sprint_one_cm":278718,"minecraft:damage_taken":2753,"minecraft:walk_one_cm":406565,"minecraft:damage_blocked_by_shield":174,"minecraft:drop":22,"minecraft:damage_dealt":23462,"minecraft:play_noteblock":10,"minecraft:fly_one_cm":227792,"minecraft:open_chest":33,"minecraft:crouch_one_cm":16828,"minecraft:play_time":70342,"tombstone:undead_killed":56,"minecraft:deaths":1,"minecraft:sneak_time":5292,"minecraft:walk_under_water_one_cm":845,"minecraft:jump":934,"minecraft:walk_on_water_one_cm":2286,"minecraft:total_world_time":70342,"minecraft:fall_one_cm":18886},"minecraft:broken":{"minecraft:leather_helmet":1},"minecraft:picked_up":{"minecraft:enchanting_table":2,"minecraft:air":0,"minecraft:diamond_sword":2,"minecraft:gold_block":9,"minecraft:shield":1,"minecraft:gunpowder":2,"minecraft:wither_skeleton_skull":2,"minecraft:cornflower":1,"minecraft:dirt":15,"minecraft:string":45,"minecraft:bone":24,"minecraft:cyan_carpet":7,"minecraft:birch_wood":8,"minecraft:redstone_torch":1,"minecraft:smooth_quartz":3,"minecraft:birch_sapling":1,"midnight_madness:soul":1,"minecraft:book":60,"minecraft:stick":20,"midnight_madness:broken_sword":1,"minecraft:sand":1,"tombstone:grave_dust":1,"minecraft:spider_eye":9,"minecraft:arrow":1,"midnight_madness:strange_note":1,"prefab:item_swift_blade_stone":1,"minecraft:obsidian":6,"minecraft:dark_oak_wood":2,"minecraft:coal":14,"minecraft:cobblestone":15},"minecraft:dropped":{"minecraft:enchanted_book":1,"minecraft:bread":5,"minecraft:diamond":2,"minecraft:diamond_leggings":1,"minecraft:coal":1,"minecraft:stick":4,"minecraft:diamond_sword":2,"minecraft:leather_chestplate":1,"prefab:item_swift_blade_stone":2,"minecraft:potato":3,"minecraft:cornflower":2,"minecraft:leather_boots":1,"tombstone:grave_dust":2,"minecraft:leather_leggings":1,"minecraft:redstone_torch":1,"minecraft:string":4,"minecraft:cyan_carpet":7}},"DataVersion":3120}